Foreign State,2008,2009,2010,2011,2012,2013,2014,2015,2016,2017,Type
Afghanistan,1654,1668,879,789,947,2432,10644,7867,13704,17671,Total
Albania,3809,3638,3513,2671,2558,2599,3282,4588,4685,4844,Total
Algeria,1048,1089,1056,1190,742,1423,1386,1587,1863,1581,Total
Andorra,0,2,1,0,0,0,0,2,0,0,Total
Angola,44,47,30,52,50,37,42,37,80,64,Total
Anguilla,9,7,9,18,5,12,9,7,10,13,Total
Antigua and Barbuda,212,202,170,166,177,183,158,153,188,187,Total
Argentina,422,385,392,438,503,481,488,624,678,478,Total
Armenia,1218,1503,1573,1611,1414,1775,1997,2414,2402,2670,Total
Aruba,9,8,7,10,18,8,13,7,3,14,Total
Australia,684,602,689,725,664,789,704,934,805,742,Total
Austria,100,115,126,142,96,106,90,127,91,87,Total
Azerbaijan,279,389,370,431,351,374,348,511,439,679,Total
Bahamas,113,86,127,128,117,122,139,169,184,230,Total
Bahrain,26,23,24,41,45,23,20,38,46,28,Total
Bangladesh,9409,15494,13287,15019,13774,10693,12099,14093,17147,12331,Total
Barbados,150,207,157,146,128,175,111,158,148,156,Total
Belarus,976,1031,1031,982,582,1192,1129,1332,998,1189,Total
Belgium,122,118,118,124,131,137,99,142,97,129,Total
Belize,312,269,270,273,303,297,206,286,307,256,Total
Benin,213,238,259,254,135,281,295,281,409,396,Total
Bermuda,40,34,20,21,13,30,37,43,40,29,Total
Bhutan,10,10,21,7,12,18,14,16,32,37,Total
Bolivia,957,826,765,704,635,755,601,758,750,556,Total
Bosnia and Herzegovina,354,423,326,302,270,281,218,377,366,379,Total
Botswana,9,8,13,17,9,8,11,12,20,11,Total
Brazil,1640,1696,1601,1868,1906,1704,1632,2478,3310,3366,Total
British Indian Ocean Territory,,,,0,0,0,0,0,0,0,Total
British Virgin Islands,17,23,22,14,20,14,20,17,10,10,Total
Brunei,3,2,4,3,2,4,5,6,8,2,Total
Bulgaria,1511,1276,1167,1264,1059,1690,1646,1560,1444,1123,Total
Burkina Faso,139,114,154,174,183,320,186,255,273,279,Total
Burma,944,1182,1185,1351,1210,1268,959,1123,1370,1309,Total
Burundi,26,32,58,39,34,61,65,97,106,146,Total
Cambodia,2131,1944,1598,1750,1777,1805,1836,1321,2623,3400,Total
Cameroon,1519,1897,2104,2348,1619,2472,2223,2949,3405,2874,Total
Canada,2312,1872,1935,2194,2211,1943,1462,2165,2190,1778,Total
Cape Verde,1382,1496,1186,1264,1305,1324,840,1058,1723,1882,Total
Cayman Islands,8,10,14,13,23,19,14,8,22,17,Total
Central African Republic,3,5,22,20,8,11,13,12,32,27,Total
Chad,12,16,9,27,25,21,20,39,40,24,Total
Chile,386,,395,339,318,326,239,361,302,288,Total
China - mainland born,30548,23772,30425,35598,40303,32825,36138,39251,42069,35350,Total
China - Taiwan born,3599,3133,2909,2233,2073,1523,1412,1420,1850,1515,Total
Christmas Island,0,1,0,0,0,0,0,0,0,0,Total
Cocos Islands,0,0,0,0,0,0,0,0,0,0,Total
Colombia,7072,358,7050,7925,8417,8143,6607,7551,7748,6848,Total
Comoros,1,2,3,1,2,3,2,0,2,1,Total
"Congo, Dem. Rep. of the",595,33,1103,1834,1741,2779,3032,3233,3506,3301,Total
"Congo, Republic of the",55,760,51,74,42,75,82,92,88,77,Total
Cook Islands,0,0,0,1,0,0,0,1,0,0,Total
Costa Rica,371,353,423,458,475,473,421,636,681,686,Total
Cote d'Ivoire,482,458,392,532,647,740,671,723,991,1029,Total
Croatia,113,127,116,96,92,94,95,105,129,104,Total
Cuba,5408,4067,3365,3067,4713,4917,6098,6298,9131,9453,Total
Curacao,,,,6,15,21,7,7,9,13,Total
Cyprus,27,25,41,27,21,31,27,35,45,27,Total
Czech Republic,197,151,132,138,114,114,133,146,128,103,Total
Denmark,104,87,117,103,65,110,79,106,88,78,Total
Djibouti,26,32,28,37,30,32,49,45,86,55,Total
Dominica,449,452,476,412,329,408,306,232,350,337,Total
Dominican Republic,23364,40824,43615,36145,33545,33012,37099,45065,53339,48254,Total
Ecuador,6899,6103,6383,6317,5261,6728,6307,7049,6682,6360,Total
Egypt,5671,6062,6335,5710,6018,6123,6545,6213,7309,6763,Total
El Salvador,9172,10178,10719,11236,8709,11403,11262,12488,14339,15105,Total
Equatorial Guinea,2,3,7,1,5,1,2,4,3,2,Total
Eritrea,591,800,780,787,736,808,711,687,823,826,Total
Estonia,57,54,65,56,36,52,46,55,47,44,Total
Ethiopia,8181,9223,9739,9249,8302,8317,7242,6259,9913,9216,Total
Falkland Islands,0,0,0,0,0,0,0,0,0,0,Total
Faroe Islands,,,,0,0,0,0,0,0,0,Total
Fiji,792,906,971,674,696,693,617,749,617,608,Total
Finland,68,90,101,94,89,83,80,92,114,84,Total
France,880,642,825,879,676,727,755,913,892,838,Total
French Guiana,3,10,2,0,,,,,,,Total
French Polynesia,5,4,2,9,6,1,2,2,5,2,Total
French Southern and Antarctic Lands,0,0,0,0,0,0,0,0,0,0,Total
Gabon,20,15,24,16,29,19,41,36,41,53,Total
"Gambia, The",172,210,248,284,349,284,325,430,555,587,Total
Georgia,435,622,815,857,671,849,708,1066,965,1101,Total
Germany,2363,2353,2463,2290,2084,2118,1741,1803,1529,1347,Total
Ghana,5723,3780,5013,4921,7192,6649,4346,3601,4947,6220,Total
Gibraltar,1,2,3,1,0,4,2,1,3,1,Total
Great Britain and Northern Ireland,2659,2575,2472,2532,2485,2715,2481,2773,2847,2338,Total
Greece,242,247,236,394,402,561,363,394,470,418,Total
Greenland,0,0,0,1,0,0,0,0,0,0,Total
Grenada,244,218,258,231,236,275,158,244,207,231,Total
Guadeloupe,18,17,3,0,,,,,,,Total
Guatemala,8575,5131,4408,4979,4431,4742,4710,5707,6527,6410,Total
Guinea,209,228,427,454,521,552,578,687,949,853,Total
Guinea-Bissau,9,5,15,16,16,28,15,17,12,22,Total
Guyana,5214,4357,5185,4934,4394,4750,4644,4693,4869,4127,Total
Haiti,14997,14060,15887,15151,16476,15178,10774,13251,18810,16694,Total
Honduras,3467,2656,3544,2830,3999,5094,3637,4765,7330,4946,Total
Hong Kong S.A.R.,2084,1290,1503,1141,1174,1042,992,1030,1359,1128,Total
Hungary,260,304,242,312,241,274,232,296,237,225,Total
Iceland,25,42,54,31,37,36,24,27,26,22,Total
India,25724,26248,28468,24286,24759,25200,25351,30381,31360,27303,Total
Indonesia,569,679,800,709,760,639,464,595,668,561,Total
Iran,6414,6316,8057,7323,8126,8057,7049,7179,7727,6643,Total
Iraq,2515,4166,2949,1610,4853,4335,2181,2010,3660,3720,Total
Ireland,224,215,287,306,259,253,210,253,266,181,Total
Israel,666,536,505,611,552,571,533,515,660,560,Total
Italy,595,613,583,610,688,665,832,944,942,855,Total
Jamaica,9645,11141,10247,11176,11686,11511,10343,11001,15458,13695,Total
Japan,2189,2143,1969,1910,1680,1575,1407,1647,1715,1450,Total
Jordan,3070,3174,2899,3261,3616,3477,3858,3044,4838,4273,Total
Kazakhstan,727,695,606,558,465,556,519,698,504,687,Total
Kenya,2862,3134,3279,2670,1977,2985,2827,2560,2989,3587,Total
Kiribati,5,3,1,1,5,0,2,0,3,1,Total
"Korea, North",25,18,12,4,6,5,1,7,9,3,Total
"Korea, South",5036,5035,4631,5268,4711,4235,3786,3895,5420,4893,Total
Kosovo,38,511,536,562,514,563,437,619,677,756,Total
Kuwait,468,446,396,399,420,393,468,378,535,468,Total
Kyrgyzstan,308,230,270,275,294,274,339,481,312,394,Total
Laos,162,186,225,162,229,188,151,221,297,296,Total
Latvia,94,122,136,182,176,212,183,280,188,149,Total
Lebanon,2411,2049,1959,1920,1734,1734,2008,1710,1916,1806,Total
Lesotho,2,3,15,14,11,7,6,4,8,4,Total
Liberia,1358,1473,1623,2022,2009,2332,2816,2783,2822,2798,Total
Libya,141,155,172,198,134,163,189,272,383,458,Total
Liechtenstein,0,3,0,1,0,0,0,1,0,0,Total
Lithuania,244,281,278,327,277,298,260,307,253,208,Total
Luxembourg,8,8,4,6,5,13,3,4,3,5,Total
Macau,151,64,96,56,67,58,39,42,46,39,Total
Macedonia,709,727,629,684,542,513,526,705,708,645,Total
Madagascar,38,46,36,37,22,46,32,34,52,22,Total
Malawi,37,35,41,42,27,49,20,36,23,28,Total
Malaysia,368,307,348,409,373,331,343,346,503,404,Total
Maldives,2,1,0,1,1,0,0,4,1,1,Total
Mali,91,86,129,133,160,169,123,179,212,213,Total
Malta,7,18,8,6,9,9,5,8,11,11,Total
Marshall Islands,6,25,19,20,16,18,30,21,11,10,Total
Martinique,10,10,0,0,,,,,,,Total
Mauritania,23,32,44,70,96,71,66,106,84,107,Total
Mauritius,23,40,34,36,15,26,24,33,25,23,Total
Mayotte,,,,0,0,0,,,,,Total
Mexico,91475,74769,65621,69532,76406,64498,61520,82476,89234,84045,Total
"Micronesia, Federated States of",0,0,0,1,0,1,0,0,3,0,Total
Moldova,453,436,549,815,860,1125,1421,1867,1543,1625,Total
Monaco,1,0,2,1,0,2,6,4,2,1,Total
Mongolia,283,217,192,313,173,214,200,194,292,226,Total
Montenegro,158,197,166,161,178,174,128,167,226,185,Total
Montserrat,16,13,6,6,7,11,14,10,7,3,Total
Morocco,3417,3594,3481,2814,2230,2479,2433,2830,3514,2780,Total
Mozambique,15,10,24,15,24,11,11,17,15,16,Total
Namibia,7,13,9,13,9,16,7,17,11,23,Total
Nauru,0,0,0,6,0,0,0,1,0,0,Total
Nepal,2538,2251,3076,3277,3295,4931,5086,5711,6444,6326,Total
Netherlands,260,278,241,248,199,184,198,291,244,175,Total
Netherlands Antilles,25,52,24,7,,,,,,,Total
New Caledonia,0,2,0,0,0,4,2,1,1,0,Total
New Zealand,303,243,294,280,233,294,255,307,230,237,Total
Nicaragua,2206,2165,2115,2002,1833,1845,1598,2130,2115,1983,Total
Niger,61,40,36,49,51,56,72,79,107,112,Total
Nigeria,9212,8927,8600,7916,9046,9782,7396,6282,8988,6313,Total
Niue,0,0,0,0,0,0,0,0,0,1,Total
Norfolk Island,,,,0,0,0,0,5,0,0,Total
Northern Ireland (DV only),1,13,10,15,13,11,16,15,6,4,Total
Norway,81,72,106,100,53,85,39,73,81,52,Total
Oman,14,10,17,10,12,19,16,18,28,32,Total
Pakistan,13797,14935,11317,10192,10101,8747,13917,14220,14959,12143,Total
Palau,3,4,6,3,1,3,2,6,0,3,Total
Panama,574,567,478,488,448,408,355,382,361,335,Total
Papua New Guinea,7,14,13,7,4,16,6,4,4,6,Total
Paraguay,122,97,107,160,92,113,88,128,120,111,Total
Peru,5761,5010,5598,5344,5305,5198,4149,5514,5963,4997,Total
Philippines,30792,36048,37394,34702,36390,35745,31658,36650,35274,30410,Total
Pitcairn,0,0,0,0,0,0,0,0,0,0,Total
Poland,2299,2028,2135,1646,1538,2275,1658,1989,1962,1625,Total
Portugal,144,169,153,195,166,174,142,169,185,168,Total
Qatar,39,42,59,50,40,81,60,89,121,86,Total
Reunion,1,1,0,0,,,,,,,Total
Romania,1735,1344,1302,1433,1530,1310,1129,1350,1181,1011,Total
Russia,3587,3507,4105,4608,3880,3931,3582,4157,3694,3689,Total
Rwanda,86,61,124,139,107,202,177,261,298,247,Total
Saint Kitts and Nevis,213,181,205,209,214,169,147,140,146,154,Total
Saint Lucia,303,304,290,287,319,327,302,347,317,392,Total
Saint Martin,,,,0,2,1,0,1,3,3,Total
Saint Vincent and the Grenadines,219,203,224,215,156,192,164,173,206,155,Total
Samoa,35,45,42,30,26,37,37,54,48,34,Total
San Marino,0,0,0,0,0,0,1,0,0,0,Total
Sao Tome and Principe,6,4,4,4,7,3,3,3,8,7,Total
Saudi Arabia,405,540,476,507,476,484,578,601,838,721,Total
Senegal,475,605,570,649,739,601,585,655,830,904,Total
Serbia,965,503,463,423,369,465,408,526,523,583,Total
Seychelles,6,7,4,7,2,3,0,4,11,3,Total
Sierra Leone,905,1032,1008,1090,974,1369,1056,1079,1180,1525,Total
Singapore,166,119,142,142,111,141,134,146,197,180,Total
Sint Maarten,,,,18,20,23,21,25,25,8,Total
Slovakia,140,130,103,126,106,93,86,105,111,85,Total
Slovenia,15,21,20,8,20,13,11,23,21,27,Total
Solomon Islands,5,0,1,1,1,0,2,0,1,2,Total
Somalia,510,619,690,698,921,1047,1705,1078,1797,1791,Total
South Africa,601,723,744,766,662,732,617,773,787,791,Total
South Georgia and the South Sandwich Islands,,,,0,0,0,0,0,0,0,Total
South Sudan,,,,0,18,72,41,74,98,120,Total
Spain,308,353,457,517,379,469,476,598,495,465,Total
Sri Lanka,904,944,925,858,702,766,761,768,939,716,Total
St. Barthelemy,,,,0,0,0,0,0,0,0,Total
St. Helena,1,0,0,1,0,1,0,0,0,0,Total
St. Pierre and Miquelon,0,0,0,0,0,0,0,0,0,0,Total
Sudan,919,1154,1217,1155,1167,1019,1552,1642,2606,1841,Total
Suriname,85,57,81,69,71,64,77,59,62,72,Total
Svalbard,,,,0,0,0,0,0,0,0,Total
Swaziland,5,22,10,6,10,3,3,4,8,4,Total
Sweden,236,220,270,212,202,217,172,212,248,219,Total
Switzerland,154,200,158,183,167,125,129,157,118,108,Total
Syria,1260,1436,1478,1641,1926,2179,1984,1901,2633,2551,Total
Tajikistan,100,108,172,231,193,276,320,435,305,509,Total
Tanzania,256,278,290,243,250,203,161,252,279,277,Total
Thailand,1185,1347,1396,1396,1469,1372,1049,1385,1527,1337,Total
Timor-Leste,1,3,0,1,2,0,0,4,2,0,Total
Togo,651,801,979,1030,947,1110,1159,1254,1555,1103,Total
Tokelau,,,,0,0,0,0,0,0,0,Total
Tonga,175,121,116,140,59,131,131,145,103,121,Total
Trinidad and Tobago,1635,1569,1617,1583,1625,1495,1118,1318,1356,1247,Total
Tunisia,131,174,214,253,221,245,215,286,352,264,Total
Turkey,1722,1840,1808,1747,1496,1333,1603,2031,1655,2206,Total
Turkmenistan,107,91,92,128,98,98,145,137,119,149,Total
Turks and Caicos Islands,8,10,7,14,4,18,9,6,8,11,Total
Tuvalu,0,1,0,0,0,0,0,0,0,1,Total
Uganda,434,468,403,606,613,810,688,755,686,588,Total
Ukraine,3685,3672,3892,4110,3567,4220,4245,4166,5131,4780,Total
United Arab Emirates,227,273,287,294,383,377,386,476,573,511,Total
Uruguay,103,104,90,98,101,95,92,126,120,130,Total
Uzbekistan,2531,2653,3697,3982,3716,3887,3695,3268,3337,4116,Total
Vanuatu,2,4,0,2,2,1,1,5,2,0,Total
Vatican City,0,0,0,0,0,0,0,0,0,0,Total
Venezuela,1088,1437,1808,1965,1932,1816,1910,2348,2471,2909,Total
Vietnam,23559,20079,27557,27032,24133,23424,24489,27391,32970,28719,Total
Wallis and Futuna,0,0,0,0,0,0,0,0,0,0,Total
Western Sahara,0,0,0,0,0,0,0,0,0,0,Total
Yemen,1270,3052,2416,2761,2681,3158,2939,3143,12998,5419,Total
Zambia,143,126,125,169,116,119,115,157,131,121,Total
Zimbabwe,146,215,191,226,153,217,178,220,297,246,Total
Afghanistan,479,581,477,448,457,450,817,640,818,809,Immediate Relatives
Albania,1628,1434,1525,1444,1761,1230,1250,1978,2208,1429,Immediate Relatives
Algeria,200,250,226,282,352,290,264,373,443,413,Immediate Relatives
Andorra,0,2,0,0,0,0,0,0,0,0,Immediate Relatives
Angola,12,18,16,24,21,15,13,23,21,29,Immediate Relatives
Anguilla,5,1,6,2,1,2,5,5,7,5,Immediate Relatives
Antigua and Barbuda,68,99,78,73,76,54,61,55,103,84,Immediate Relatives
Argentina,274,233,218,299,329,321,249,400,414,292,Immediate Relatives
Armenia,277,449,398,440,661,662,448,551,1126,736,Immediate Relatives
Aruba,1,4,6,7,11,3,5,4,2,7,Immediate Relatives
Australia,400,366,369,415,333,350,286,452,469,301,Immediate Relatives
Austria,57,61,66,58,61,57,52,61,68,29,Immediate Relatives
Azerbaijan,95,122,112,146,146,119,91,149,171,181,Immediate Relatives
Bahamas,64,50,69,76,75,74,90,114,123,136,Immediate Relatives
Bahrain,12,9,12,22,18,13,10,19,13,14,Immediate Relatives
Bangladesh,3328,4630,4132,4679,5482,4112,4423,5839,7402,5330,Immediate Relatives
Barbados,77,86,64,64,56,69,46,57,79,75,Immediate Relatives
Belarus,158,202,213,236,221,258,198,376,306,245,Immediate Relatives
Belgium,67,62,56,89,52,67,53,85,65,67,Immediate Relatives
Belize,132,148,143,134,123,127,85,146,146,130,Immediate Relatives
Benin,20,42,30,33,44,41,81,64,104,128,Immediate Relatives
Bermuda,32,29,16,15,7,16,17,21,30,22,Immediate Relatives
Bhutan,3,5,16,2,8,3,5,14,17,23,Immediate Relatives
Bolivia,435,421,435,384,370,288,264,425,452,307,Immediate Relatives
Bosnia and Herzegovina,310,343,261,250,201,199,143,224,189,158,Immediate Relatives
Botswana,2,8,2,10,9,5,7,8,13,6,Immediate Relatives
Brazil,1317,1373,1240,1491,1530,1223,1184,1961,2710,2512,Immediate Relatives
British Indian Ocean Territory,,,,0,0,0,0,0,0,0,Immediate Relatives
British Virgin Islands,6,4,12,5,10,6,9,6,7,4,Immediate Relatives
Brunei,0,0,1,3,0,3,4,3,5,1,Immediate Relatives
Bulgaria,385,463,457,526,533,577,485,583,648,429,Immediate Relatives
Burkina Faso,15,23,22,46,69,77,49,99,105,88,Immediate Relatives
Burma,347,423,381,530,545,532,353,503,627,597,Immediate Relatives
Burundi,14,11,12,14,20,26,18,41,35,59,Immediate Relatives
Cabo Verde,,,,,,,294,347,634,556,Immediate Relatives
Cambodia,1627,1481,1026,1167,1238,1000,1064,778,1783,2402,Immediate Relatives
Cameroon,260,328,444,494,632,603,622,1062,1308,1179,Immediate Relatives
Canada,1271,1036,1083,1425,1404,1185,815,1465,1527,1206,Immediate Relatives
Cape Verde,514,613,418,467,563,427,,,,,Immediate Relatives
Cayman Islands,5,6,11,5,13,12,6,3,16,5,Immediate Relatives
Central African Republic,3,3,10,11,5,1,5,7,19,18,Immediate Relatives
Chad,6,4,3,9,10,9,8,18,15,14,Immediate Relatives
Chile,279,259,263,266,245,222,139,249,223,183,Immediate Relatives
China - mainland born,14618,10534,13245,14497,15214,11592,11798,15627,17807,12318,Immediate Relatives
China - Taiwan born,845,960,853,713,576,479,314,486,574,391,Immediate Relatives
Christmas Island,0,1,0,0,0,0,0,0,0,0,Immediate Relatives
Cocos Islands,0,0,0,0,0,0,0,0,0,0,Immediate Relatives
Colombia,4344,3840,4070,4807,5583,4281,3334,4350,4686,3631,Immediate Relatives
Comoros,0,0,0,0,2,0,2,0,1,0,Immediate Relatives
"Congo, Dem. Rep. of the",74,13,162,250,411,457,417,423,547,332,Immediate Relatives
"Congo, Republic of the",6,123,11,24,22,21,20,29,34,27,Immediate Relatives
Cook Islands,0,0,0,1,0,0,0,1,0,0,Immediate Relatives
Costa Rica,275,289,303,350,401,315,288,500,539,554,Immediate Relatives
Cote d'Ivoire,230,211,142,178,376,283,193,240,365,397,Immediate Relatives
Croatia,82,78,66,67,52,62,35,66,79,43,Immediate Relatives
Cuba,2551,3085,2743,2223,3207,2405,2188,3549,4411,4264,Immediate Relatives
Curacao,,,,2,7,10,7,3,5,10,Immediate Relatives
Cyprus,11,9,29,21,12,22,16,24,27,10,Immediate Relatives
Czech Republic,94,93,80,97,76,53,64,92,83,63,Immediate Relatives
Denmark,60,58,71,72,43,64,40,74,52,47,Immediate Relatives
Djibouti,8,19,11,18,21,10,31,24,34,16,Immediate Relatives
Dominica,188,198,187,159,166,122,115,112,154,163,Immediate Relatives
Dominican Republic,14671,17294,13080,14697,13666,11763,12039,17151,24869,19452,Immediate Relatives
Ecuador,3880,3325,2864,3205,2817,2755,2613,3790,3777,3307,Immediate Relatives
Egypt,1551,1718,2113,1574,3125,1718,1928,1819,3262,1884,Immediate Relatives
El Salvador,3647,4984,4316,4742,3731,4298,4382,5917,8320,7998,Immediate Relatives
Equatorial Guinea,1,3,5,1,5,1,2,3,3,2,Immediate Relatives
Eritrea,234,323,329,293,470,401,376,333,458,454,Immediate Relatives
Estonia,35,33,45,29,25,16,27,26,24,25,Immediate Relatives
Ethiopia,4015,5004,5100,4509,5695,4404,3348,2231,5688,4390,Immediate Relatives
Falkland Islands,0,0,0,0,0,0,0,0,0,0,Immediate Relatives
Faroe Islands,,,,0,0,0,0,0,0,0,Immediate Relatives
Fiji,226,357,300,251,263,242,144,220,213,146,Immediate Relatives
Finland,49,62,60,58,47,47,54,56,81,45,Immediate Relatives
France,430,362,445,463,370,400,299,494,508,411,Immediate Relatives
French Guiana,1,4,1,0,,,,,,,Immediate Relatives
French Polynesia,5,4,2,7,4,0,2,2,5,1,Immediate Relatives
French Southern and Antarctic Lands,0,0,0,0,0,0,0,0,0,0,Immediate Relatives
Gabon,6,12,17,6,18,10,14,22,27,26,Immediate Relatives
"Gambia, The",132,151,175,196,265,196,216,329,443,433,Immediate Relatives
Georgia,150,227,322,358,334,352,257,444,450,406,Immediate Relatives
Germany,1320,1240,1311,1271,1318,1345,1064,1119,1035,840,Immediate Relatives
Ghana,3192,1601,1794,1640,4597,3409,2040,2144,3263,3771,Immediate Relatives
Gibraltar,1,2,1,1,0,3,2,1,1,1,Immediate Relatives
Great Britain and Northern Ireland,1644,1703,1670,1665,1757,1927,1687,1895,1987,1610,Immediate Relatives
Greece,122,140,154,295,347,446,235,233,350,239,Immediate Relatives
Greenland,0,0,0,1,0,0,0,0,0,0,Immediate Relatives
Grenada,126,125,104,126,119,120,78,129,130,134,Immediate Relatives
Guadeloupe,8,12,1,0,,,,,,,Immediate Relatives
Guatemala,6446,3083,2099,2060,1878,1984,2288,3381,4253,4045,Immediate Relatives
Guinea,89,126,130,184,276,212,228,319,542,524,Immediate Relatives
Guinea-Bissau,8,4,11,12,15,18,10,15,8,14,Immediate Relatives
Guyana,1656,1659,1517,1828,1577,1246,1044,1268,1494,1126,Immediate Relatives
Haiti,5972,7389,7206,7717,8065,5492,4143,5772,10217,7577,Immediate Relatives
Honduras,1994,1528,2016,1468,2353,2634,2151,2842,5271,3241,Immediate Relatives
Hong Kong S.A.R.,230,220,214,232,206,206,166,225,321,214,Immediate Relatives
Hungary,151,148,123,153,114,114,101,153,121,98,Immediate Relatives
Iceland,14,30,17,18,19,14,12,15,19,7,Immediate Relatives
India,10524,13019,12039,12067,12243,12091,10467,13406,14815,11568,Immediate Relatives
Indonesia,296,364,352,453,406,364,250,392,424,332,Immediate Relatives
Iran,2571,2626,3053,2625,2743,1928,1888,2087,2283,2054,Immediate Relatives
Iraq,709,800,540,573,609,424,365,572,958,1092,Immediate Relatives
Ireland,151,144,213,210,149,169,145,173,191,120,Immediate Relatives
Israel,436,318,287,422,330,356,308,344,435,353,Immediate Relatives
Italy,351,346,322,368,385,398,452,542,577,432,Immediate Relatives
Jamaica,4513,6805,5193,5697,5870,5614,4756,5026,9629,6976,Immediate Relatives
Japan,1481,1504,1473,1446,1179,985,875,1304,1318,1048,Immediate Relatives
Jordan,1600,1869,1644,1929,2155,1993,1982,1704,2975,2337,Immediate Relatives
Kazakhstan,535,479,346,279,201,182,136,203,183,137,Immediate Relatives
Kenya,530,665,660,545,993,1324,1186,1213,1434,1876,Immediate Relatives
Kiribati,3,1,1,1,3,0,0,0,0,1,Immediate Relatives
"Korea, North",18,14,9,4,5,3,1,5,4,1,Immediate Relatives
"Korea, South",2445,2363,2018,1892,1782,1251,1386,1607,1638,1611,Immediate Relatives
Kosovo,35,434,410,419,371,317,221,355,392,286,Immediate Relatives
Kuwait,173,199,170,186,184,168,184,172,272,205,Immediate Relatives
Kyrgyzstan,167,108,112,113,109,67,70,166,137,120,Immediate Relatives
Laos,68,101,106,103,152,116,98,140,183,182,Immediate Relatives
Latvia,77,77,83,105,129,129,105,225,123,110,Immediate Relatives
Lebanon,1037,997,921,968,746,768,849,811,969,873,Immediate Relatives
Lesotho,2,3,14,12,7,7,2,4,7,4,Immediate Relatives
Liberia,652,494,603,682,851,741,694,697,964,1200,Immediate Relatives
Libya,96,88,98,154,79,86,147,211,248,339,Immediate Relatives
Liechtenstein,0,3,0,0,0,0,0,1,0,0,Immediate Relatives
Lithuania,107,141,86,128,107,85,67,107,100,79,Immediate Relatives
Luxembourg,4,6,1,4,3,10,2,4,2,2,Immediate Relatives
Macau,7,13,13,11,12,13,8,5,10,8,Immediate Relatives
Macedonia,344,387,326,321,307,240,189,283,295,215,Immediate Relatives
Madagascar,6,14,15,16,12,19,11,12,9,10,Immediate Relatives
Malawi,13,23,18,20,21,24,8,18,13,19,Immediate Relatives
Malaysia,176,150,163,178,172,141,129,165,242,166,Immediate Relatives
Maldives,1,1,0,1,1,0,0,3,1,1,Immediate Relatives
Mali,42,40,54,68,90,104,72,133,147,158,Immediate Relatives
Malta,7,14,2,5,7,3,4,4,10,11,Immediate Relatives
Marshall Islands,6,25,19,20,16,18,30,21,11,10,Immediate Relatives
Martinique,6,3,0,0,,,,,,,Immediate Relatives
Mauritania,15,22,21,38,53,39,48,73,65,78,Immediate Relatives
Mauritius,5,7,3,10,10,12,9,15,9,11,Immediate Relatives
Mayotte,,,,0,0,0,,,,,Immediate Relatives
Mexico,64376,42042,43340,36237,44049,37436,36300,50835,63764,56107,Immediate Relatives
"Micronesia, Federated States of",0,0,0,1,0,1,0,0,3,0,Immediate Relatives
Moldova,160,138,127,181,132,163,110,199,228,171,Immediate Relatives
Monaco,0,0,2,1,0,1,1,4,1,0,Immediate Relatives
Mongolia,79,91,74,81,65,71,68,96,110,92,Immediate Relatives
Montenegro,116,143,107,121,144,112,69,110,138,95,Immediate Relatives
Montserrat,3,4,5,2,7,2,4,4,2,2,Immediate Relatives
Morocco,1055,1308,1399,1508,1544,1278,1121,1556,2013,1367,Immediate Relatives
Mozambique,5,8,18,12,16,9,5,10,13,10,Immediate Relatives
Namibia,6,3,8,7,7,9,4,10,7,16,Immediate Relatives
Nauru,0,0,0,0,0,0,0,0,0,0,Immediate Relatives
Nepal,279,408,642,836,990,1026,893,1618,2167,1690,Immediate Relatives
Netherlands,147,150,134,168,125,110,98,215,175,121,Immediate Relatives
Netherlands Antilles,15,21,11,3,,,,,,,Immediate Relatives
New Caledonia,0,2,0,0,0,0,1,1,1,0,Immediate Relatives
New Zealand,153,150,164,152,126,141,102,165,139,86,Immediate Relatives
Nicaragua,1368,1409,1156,1201,1174,1046,906,1294,1420,1237,Immediate Relatives
Niger,19,9,9,18,37,25,43,55,83,79,Immediate Relatives
Nigeria,4333,4467,4194,3774,5311,4402,3244,4209,6225,3831,Immediate Relatives
Niue,0,0,0,0,0,0,0,0,0,1,Immediate Relatives
Norfolk Island,,,,0,0,0,0,0,0,0,Immediate Relatives
Northern Ireland (DV only),-,0,0,0,0,0,0,0,0,0,Immediate Relatives
Norway,56,55,77,69,39,49,31,60,61,41,Immediate Relatives
Oman,9,8,11,7,4,9,8,10,10,17,Immediate Relatives
Pakistan,5564,5914,5161,4961,5158,4452,5335,6637,7440,5585,Immediate Relatives
Palau,3,2,6,3,1,0,0,2,0,3,Immediate Relatives
Panama,349,387,288,289,256,231,155,214,210,200,Immediate Relatives
Papua New Guinea,3,2,6,3,3,8,5,3,3,5,Immediate Relatives
Paraguay,93,88,76,120,69,55,63,93,82,77,Immediate Relatives
Peru,3306,2945,2810,2880,2994,2349,1900,2832,3284,2379,Immediate Relatives
Philippines,15253,19100,16537,15436,16795,15673,12605,16997,15875,12486,Immediate Relatives
Pitcairn,0,0,0,0,0,0,0,0,0,0,Immediate Relatives
Poland,686,746,676,705,618,558,477,738,781,581,Immediate Relatives
Portugal,78,100,84,106,91,90,49,92,94,85,Immediate Relatives
Qatar,23,32,38,36,34,44,33,49,79,42,Immediate Relatives
Reunion,1,0,0,0,,,,,,,Immediate Relatives
Romania,662,733,629,735,664,563,407,540,567,425,Immediate Relatives
Russia,3277,3158,2580,2638,2417,1715,1142,1581,1720,1273,Immediate Relatives
Rwanda,37,30,58,73,59,32,22,41,34,43,Immediate Relatives
Saint Kitts and Nevis,64,74,62,58,76,48,49,56,82,65,Immediate Relatives
Saint Lucia,186,152,151,147,167,125,108,161,217,215,Immediate Relatives
Saint Martin,,,,0,0,0,0,0,1,3,Immediate Relatives
Saint Vincent and the Grenadines,99,107,116,121,94,87,71,100,125,94,Immediate Relatives
Samoa,20,37,33,24,21,36,28,52,46,26,Immediate Relatives
San Marino,0,0,0,0,0,0,1,0,0,0,Immediate Relatives
Sao Tome and Principe,6,1,3,4,5,1,2,0,6,5,Immediate Relatives
Saudi Arabia,253,352,294,346,289,263,274,321,444,350,Immediate Relatives
Senegal,303,361,345,362,531,352,317,399,568,622,Immediate Relatives
Serbia,585,259,228,201,197,229,138,216,216,147,Immediate Relatives
Seychelles,1,4,4,3,1,2,0,4,6,3,Immediate Relatives
Sierra Leone,400,411,573,605,504,494,440,583,674,914,Immediate Relatives
Singapore,87,62,69,86,56,64,47,93,106,92,Immediate Relatives
Sint Maarten,,,,10,10,10,11,9,16,4,Immediate Relatives
Slovakia,47,67,53,72,58,37,31,50,57,40,Immediate Relatives
Slovenia,6,15,14,3,18,8,8,17,8,14,Immediate Relatives
Solomon Islands,1,0,1,1,0,0,2,0,1,2,Immediate Relatives
Somalia,404,519,564,594,784,836,1487,885,1511,1465,Immediate Relatives
South Africa,303,309,311,353,300,297,255,425,444,374,Immediate Relatives
South Georgia and the South Sandwich Islands,,,,0,0,0,0,0,0,0,Immediate Relatives
South Sudan,,,,0,18,70,40,70,86,96,Immediate Relatives
Spain,215,229,319,372,227,281,234,335,297,268,Immediate Relatives
Sri Lanka,197,233,291,265,295,284,225,293,378,296,Immediate Relatives
St. Barthelemy,,,,0,0,0,0,0,0,0,Immediate Relatives
St. Helena,0,0,0,1,0,1,0,0,0,0,Immediate Relatives
St. Pierre and Miquelon,0,0,0,0,0,0,0,0,0,0,Immediate Relatives
Sudan,377,533,613,497,777,474,448,359,642,556,Immediate Relatives
Suriname,38,16,37,26,30,27,18,30,19,30,Immediate Relatives
Svalbard,,,,0,0,0,0,0,0,0,Immediate Relatives
Swaziland,4,19,10,5,7,3,2,4,4,2,Immediate Relatives
Sweden,142,127,177,153,110,131,85,141,146,133,Immediate Relatives
Switzerland,63,93,63,97,90,72,55,92,86,61,Immediate Relatives
Syria,525,649,591,771,851,1019,800,868,1265,1150,Immediate Relatives
Tajikistan,27,28,29,33,33,32,31,43,38,61,Immediate Relatives
Tanzania,86,92,129,114,143,108,86,149,164,144,Immediate Relatives
Thailand,838,1042,985,1030,1102,1009,734,1069,1198,1010,Immediate Relatives
Timor-Leste,1,2,0,1,2,0,0,4,2,0,Immediate Relatives
Togo,125,249,374,408,547,484,445,527,683,436,Immediate Relatives
Tokelau,,,,0,0,0,0,0,0,0,Immediate Relatives
Tonga,51,44,36,67,34,34,38,49,52,33,Immediate Relatives
Trinidad and Tobago,775,762,752,809,790,605,499,642,781,584,Immediate Relatives
Tunisia,68,110,135,189,184,185,140,219,226,174,Immediate Relatives
Turkey,620,578,555,606,495,467,370,553,616,584,Immediate Relatives
Turkmenistan,27,29,18,34,29,23,24,31,38,36,Immediate Relatives
Turks and Caicos Islands,6,4,3,3,2,9,5,3,6,7,Immediate Relatives
Tuvalu,0,1,0,0,0,0,0,0,0,1,Immediate Relatives
Uganda,173,239,192,344,425,492,371,431,366,342,Immediate Relatives
Ukraine,1465,1690,1614,1935,1640,1705,1632,1987,2360,1691,Immediate Relatives
United Arab Emirates,87,115,156,163,128,144,137,189,243,184,Immediate Relatives
Uruguay,83,70,59,73,67,56,62,93,79,76,Immediate Relatives
Uzbekistan,227,225,248,269,330,268,251,310,399,295,Immediate Relatives
Vanuatu,1,4,0,2,2,1,1,1,0,0,Immediate Relatives
Vatican City,0,0,0,0,0,0,0,0,0,0,Immediate Relatives
Venezuela,692,908,959,1018,889,709,555,876,1107,901,Immediate Relatives
Vietnam,7728,7563,7038,9401,8534,8796,6242,8513,12083,9974,Immediate Relatives
Wallis and Futuna,0,0,0,0,0,0,0,0,0,0,Immediate Relatives
Western Sahara,0,0,0,0,0,0,0,0,0,0,Immediate Relatives
Yemen,1008,2553,1920,1916,1812,2366,2010,2348,8447,3584,Immediate Relatives
Zambia,65,83,68,90,79,56,67,94,76,82,Immediate Relatives
Zimbabwe,69,111,96,107,75,109,79,109,146,136,Immediate Relatives
Afghanistan,817,680,111,121,237,1597,9283,6884,12298,16370,Special Immigrants
Albania,5,0,1,7,5,6,4,7,13,7,Special Immigrants
Algeria,0,3,0,1,0,0,1,1,2,2,Special Immigrants
Andorra,0,0,0,0,0,0,0,0,0,0,Special Immigrants
Angola,0,0,0,0,0,0,1,1,0,0,Special Immigrants
Anguilla,0,0,0,0,0,0,0,0,0,0,Special Immigrants
Antigua and Barbuda,0,0,1,0,0,0,0,0,1,0,Special Immigrants
Argentina,3,1,4,2,5,8,10,10,7,7,Special Immigrants
Armenia,1,2,3,2,3,1,3,3,2,4,Special Immigrants
Aruba,0,0,0,0,0,0,1,0,0,0,Special Immigrants
Australia,6,2,5,8,9,6,2,5,3,8,Special Immigrants
Austria,0,2,1,1,2,3,1,0,1,2,Special Immigrants
Azerbaijan,1,5,0,3,1,0,0,4,3,1,Special Immigrants
Bahamas,0,0,0,0,0,0,0,0,0,0,Special Immigrants
Bahrain,0,0,0,0,0,0,0,0,0,0,Special Immigrants
Bangladesh,4,2,6,5,14,14,7,13,4,10,Special Immigrants
Barbados,0,1,1,1,1,1,3,0,1,0,Special Immigrants
Belarus,1,2,4,1,1,0,4,2,3,2,Special Immigrants
Belgium,0,1,1,0,2,0,3,0,0,2,Special Immigrants
Belize,0,1,1,0,0,0,1,1,0,1,Special Immigrants
Benin,0,0,0,0,1,0,1,1,0,0,Special Immigrants
Bermuda,0,0,0,0,0,0,0,0,0,0,Special Immigrants
Bhutan,0,0,0,0,0,0,0,0,0,0,Special Immigrants
Bolivia,0,0,0,0,0,1,5,6,2,3,Special Immigrants
Bosnia and Herzegovina,0,1,0,1,3,0,1,0,0,0,Special Immigrants
Botswana,0,0,0,0,0,0,0,0,0,0,Special Immigrants
Brazil,3,3,5,12,26,11,8,14,11,25,Special Immigrants
British Indian Ocean Territory,,,,0,0,0,0,0,0,0,Special Immigrants
British Virgin Islands,0,0,0,0,0,0,0,0,0,0,Special Immigrants
Brunei,0,0,0,0,0,0,0,0,0,0,Special Immigrants
Bulgaria,10,8,6,10,13,7,9,15,7,5,Special Immigrants
Burkina Faso,0,0,0,0,0,0,0,0,0,0,Special Immigrants
Burma,0,2,2,0,1,0,1,4,2,5,Special Immigrants
Burundi,0,0,0,0,0,0,0,0,0,0,Special Immigrants
Cambodia,0,0,1,2,1,0,2,0,0,0,Special Immigrants
Cameroon,3,3,4,4,3,3,4,8,13,10,Special Immigrants
Canada,1,10,2,2,0,1,4,5,2,4,Special Immigrants
Cape Verde,3,0,0,0,0,0,0,0,2,1,Special Immigrants
Cayman Islands,1,0,0,0,0,0,0,0,0,0,Special Immigrants
Central African Republic,0,0,0,0,0,0,0,0,0,0,Special Immigrants
Chad,0,0,0,1,0,0,0,0,1,0,Special Immigrants
Chile,1,3,7,6,1,7,1,3,1,0,Special Immigrants
China - mainland born,44,27,25,36,30,81,33,55,54,39,Special Immigrants
China - Taiwan born,7,3,11,11,4,5,11,14,10,6,Special Immigrants
Christmas Island,0,0,0,0,0,0,0,0,0,0,Special Immigrants
Cocos Islands,0,0,0,0,0,0,0,0,0,0,Special Immigrants
Colombia,19,24,33,22,22,22,19,34,38,39,Special Immigrants
Comoros,0,0,0,0,0,0,0,0,0,0,Special Immigrants
"Congo, Dem. Rep. of the",0,0,0,0,1,2,7,2,1,1,Special Immigrants
"Congo, Republic of the",0,1,0,0,1,1,1,0,0,0,Special Immigrants
Cook Islands,0,0,0,0,0,0,0,0,0,0,Special Immigrants
Costa Rica,0,0,0,0,0,4,0,2,1,2,Special Immigrants
Cote d'Ivoire,0,0,0,1,2,1,0,1,2,1,Special Immigrants
Croatia,1,0,0,1,1,0,0,0,3,2,Special Immigrants
Cuba,9,15,6,4,17,18,13,8,7,11,Special Immigrants
Curacao,,,,0,0,0,0,0,0,0,Special Immigrants
Cyprus,0,0,0,0,0,2,0,0,1,0,Special Immigrants
Czech Republic,0,1,2,1,1,5,0,4,4,2,Special Immigrants
Denmark,0,0,1,2,0,3,0,1,1,0,Special Immigrants
Djibouti,0,0,1,0,0,0,0,0,0,0,Special Immigrants
Dominica,1,0,1,0,0,1,0,1,0,0,Special Immigrants
Dominican Republic,23,17,25,31,33,13,19,19,49,78,Special Immigrants
Ecuador,27,9,10,20,19,42,56,57,53,39,Special Immigrants
Egypt,19,8,15,18,33,18,18,7,20,25,Special Immigrants
El Salvador,0,2,3,6,11,10,6,11,10,12,Special Immigrants
Equatorial Guinea,0,0,0,0,0,0,0,0,0,0,Special Immigrants
Eritrea,0,0,0,1,0,1,1,0,1,1,Special Immigrants
Estonia,0,1,1,0,0,0,0,0,0,0,Special Immigrants
Ethiopia,1,4,9,4,10,10,4,2,5,15,Special Immigrants
Falkland Islands,0,0,0,0,0,0,0,0,0,0,Special Immigrants
Faroe Islands,,,,0,0,0,0,0,0,0,Special Immigrants
Fiji,3,2,4,4,4,4,2,3,3,1,Special Immigrants
Finland,0,0,0,0,1,0,2,0,0,0,Special Immigrants
France,3,6,1,7,3,6,8,4,6,8,Special Immigrants
French Guiana,0,0,0,0,,,,,,,Special Immigrants
French Polynesia,0,0,0,0,0,0,0,0,0,0,Special Immigrants
French Southern and Antarctic Lands,0,0,0,0,0,0,0,0,0,0,Special Immigrants
Gabon,0,0,0,0,0,0,1,0,0,0,Special Immigrants
"Gambia, The",0,1,0,0,1,0,0,0,0,1,Special Immigrants
Georgia,1,1,5,3,1,1,2,6,7,1,Special Immigrants
Germany,9,7,13,13,5,13,3,12,6,13,Special Immigrants
Ghana,10,3,7,11,13,11,6,4,3,7,Special Immigrants
Gibraltar,0,0,0,0,0,0,0,0,0,0,Special Immigrants
Great Britain and Northern Ireland,9,7,7,19,9,23,30,14,10,17,Special Immigrants
Greece,1,2,4,5,2,2,1,0,2,4,Special Immigrants
Greenland,0,0,0,0,0,0,0,0,0,0,Special Immigrants
Grenada,1,0,0,0,0,0,1,0,1,0,Special Immigrants
Guadeloupe,0,0,0,0,,,,,,,Special Immigrants
Guatemala,0,1,2,7,11,8,13,4,16,20,Special Immigrants
Guinea,0,0,0,0,0,0,0,1,1,0,Special Immigrants
Guinea-Bissau,0,0,0,0,0,0,0,0,0,0,Special Immigrants
Guyana,0,0,0,0,2,5,5,2,3,2,Special Immigrants
Haiti,5,11,22,36,24,10,11,33,61,51,Special Immigrants
Honduras,4,4,8,3,9,22,16,7,11,9,Special Immigrants
Hong Kong S.A.R.,4,0,2,0,5,5,4,2,1,1,Special Immigrants
Hungary,1,3,1,2,4,2,1,3,1,1,Special Immigrants
Iceland,0,0,0,2,0,1,0,0,5,1,Special Immigrants
India,101,142,126,132,82,137,123,185,214,140,Special Immigrants
Indonesia,1,4,10,2,6,6,9,8,14,6,Special Immigrants
Iran,9,17,9,14,20,15,16,33,21,23,Special Immigrants
Iraq,969,2828,2035,704,3898,3569,1521,1190,2270,2138,Special Immigrants
Ireland,4,1,1,0,0,0,1,3,1,0,Special Immigrants
Israel,8,3,3,10,7,6,9,7,10,10,Special Immigrants
Italy,8,7,8,3,5,4,7,9,8,5,Special Immigrants
Jamaica,1,3,5,4,4,3,13,18,20,18,Special Immigrants
Japan,9,14,11,8,21,21,32,26,23,31,Special Immigrants
Jordan,2,6,8,7,14,15,9,9,18,31,Special Immigrants
Kazakhstan,1,0,0,0,2,4,1,2,3,6,Special Immigrants
Kenya,0,4,1,1,1,4,2,7,9,10,Special Immigrants
Kiribati,0,0,0,0,0,0,0,0,0,0,Special Immigrants
"Korea, North",0,0,0,0,0,0,0,0,0,1,Special Immigrants
"Korea, South",20,20,22,42,36,42,21,25,25,49,Special Immigrants
Kosovo,0,0,0,0,0,0,0,0,0,0,Special Immigrants
Kuwait,5,2,4,0,1,4,3,1,0,3,Special Immigrants
Kyrgyzstan,1,1,0,0,0,2,0,0,1,0,Special Immigrants
Laos,0,0,1,2,0,1,3,0,2,0,Special Immigrants
Latvia,0,0,0,1,2,4,2,1,0,0,Special Immigrants
Lebanon,9,8,16,15,11,15,28,8,5,3,Special Immigrants
Lesotho,0,0,0,0,0,0,0,0,0,0,Special Immigrants
Liberia,0,1,4,1,6,9,3,6,11,7,Special Immigrants
Libya,3,0,0,0,2,3,2,0,1,4,Special Immigrants
Liechtenstein,0,0,0,0,0,0,0,0,0,0,Special Immigrants
Lithuania,1,7,8,1,5,4,3,0,3,1,Special Immigrants
Luxembourg,0,0,0,0,0,0,0,0,0,1,Special Immigrants
Macau,0,0,0,0,1,0,0,0,0,0,Special Immigrants
Macedonia,0,0,2,3,3,1,2,3,1,5,Special Immigrants
Madagascar,0,0,0,0,0,0,0,0,0,0,Special Immigrants
Malawi,1,0,1,0,0,1,0,0,0,0,Special Immigrants
Malaysia,1,1,3,4,3,1,1,3,6,2,Special Immigrants
Maldives,0,0,0,0,0,0,0,0,0,0,Special Immigrants
Mali,0,0,0,0,0,0,0,0,0,1,Special Immigrants
Malta,0,0,0,1,0,0,0,1,0,0,Special Immigrants
Marshall Islands,0,0,0,0,0,0,0,0,0,0,Special Immigrants
Martinique,0,0,0,0,,,,,,,Special Immigrants
Mauritania,0,0,0,0,0,1,0,0,0,0,Special Immigrants
Mauritius,0,0,0,0,0,2,0,0,0,0,Special Immigrants
Mayotte,,,,0,0,0,,,,,Special Immigrants
Mexico,0,1,0,0,13,9,48,16,37,33,Special Immigrants
"Micronesia, Federated States of",0,0,0,0,0,0,0,0,0,0,Special Immigrants
Moldova,0,1,0,5,4,3,5,4,3,4,Special Immigrants
Monaco,0,0,0,0,0,0,0,0,0,0,Special Immigrants
Mongolia,0,0,0,1,6,0,5,1,1,5,Special Immigrants
Montenegro,0,0,0,0,1,0,0,0,0,0,Special Immigrants
Montserrat,0,0,0,0,0,0,0,1,1,0,Special Immigrants
Morocco,3,1,4,5,2,4,5,9,8,9,Special Immigrants
Mozambique,0,0,0,0,0,0,0,1,0,0,Special Immigrants
Namibia,0,0,0,0,0,0,1,0,0,0,Special Immigrants
Nauru,0,0,0,0,0,0,0,0,0,0,Special Immigrants
Nepal,1,1,2,7,15,10,14,9,13,21,Special Immigrants
Netherlands,3,1,1,0,3,1,2,2,2,0,Special Immigrants
Netherlands Antilles,0,0,0,0,,,,,,,Special Immigrants
New Caledonia,0,0,0,0,0,0,0,0,0,0,Special Immigrants
New Zealand,0,3,8,6,5,4,2,2,4,3,Special Immigrants
Nicaragua,9,4,0,5,8,9,11,10,8,5,Special Immigrants
Niger,0,0,0,0,0,0,0,0,0,0,Special Immigrants
Nigeria,1,8,41,36,38,23,57,42,61,46,Special Immigrants
Niue,0,0,0,0,0,0,0,0,0,0,Special Immigrants
Norfolk Island,,,,0,0,0,0,0,0,0,Special Immigrants
Northern Ireland (DV only),-,0,0,0,0,0,0,0,0,0,Special Immigrants
Norway,0,0,1,1,0,1,0,1,2,0,Special Immigrants
Oman,0,0,0,0,0,0,2,0,0,1,Special Immigrants
Pakistan,40,47,42,27,20,41,50,51,62,68,Special Immigrants
Palau,0,0,0,0,0,1,0,0,0,0,Special Immigrants
Panama,1,3,3,4,2,6,15,4,3,2,Special Immigrants
Papua New Guinea,0,0,0,1,0,0,0,0,0,0,Special Immigrants
Paraguay,1,0,0,0,2,0,1,2,2,3,Special Immigrants
Peru,14,16,22,32,49,46,37,37,47,51,Special Immigrants
Philippines,148,128,128,130,84,116,87,148,219,168,Special Immigrants
Pitcairn,0,0,0,0,0,0,0,0,0,0,Special Immigrants
Poland,17,25,15,13,14,29,7,19,23,12,Special Immigrants
Portugal,0,1,0,3,2,0,0,1,1,2,Special Immigrants
Qatar,0,0,0,0,0,0,0,0,0,1,Special Immigrants
Reunion,0,0,0,0,,,,,,,Special Immigrants
Romania,8,10,18,25,37,25,28,30,29,12,Special Immigrants
Russia,24,21,19,40,21,31,25,23,16,11,Special Immigrants
Rwanda,1,0,0,0,0,0,0,0,0,0,Special Immigrants
Saint Kitts and Nevis,1,0,0,0,0,0,0,0,0,0,Special Immigrants
Saint Lucia,0,0,0,0,0,0,0,0,1,0,Special Immigrants
Saint Martin,,,,0,0,0,0,0,0,0,Special Immigrants
Saint Vincent and the Grenadines,0,0,0,0,1,0,1,0,0,0,Special Immigrants
Samoa,0,0,0,0,0,1,0,0,0,0,Special Immigrants
San Marino,0,0,0,0,0,0,0,0,0,0,Special Immigrants
Sao Tome and Principe,0,0,0,0,0,0,0,0,0,0,Special Immigrants
Saudi Arabia,1,4,0,1,3,8,1,7,1,8,Special Immigrants
Senegal,1,1,0,0,0,0,2,1,6,1,Special Immigrants
Serbia,0,1,1,0,1,0,3,1,1,2,Special Immigrants
Seychelles,0,0,0,0,0,0,0,0,0,0,Special Immigrants
Sierra Leone,0,2,1,0,1,4,6,2,1,1,Special Immigrants
Singapore,0,2,0,0,0,5,2,1,0,2,Special Immigrants
Sint Maarten,,,,0,0,0,0,0,0,0,Special Immigrants
Slovakia,0,0,0,3,1,1,0,2,1,1,Special Immigrants
Slovenia,0,0,1,0,0,0,0,0,1,0,Special Immigrants
Solomon Islands,0,0,0,0,1,0,0,0,0,0,Special Immigrants
Somalia,4,2,5,3,0,0,5,1,1,1,Special Immigrants
South Africa,3,3,2,16,21,14,6,10,11,5,Special Immigrants
South Georgia and the South Sandwich Islands,,,,0,0,0,0,0,0,0,Special Immigrants
South Sudan,,,,0,0,1,0,0,0,1,Special Immigrants
Spain,7,9,10,6,6,10,4,7,3,8,Special Immigrants
Sri Lanka,0,2,2,3,5,5,3,6,0,5,Special Immigrants
St. Barthelemy,,,,0,0,0,0,0,0,0,Special Immigrants
St. Helena,0,0,0,0,0,0,0,0,0,0,Special Immigrants
St. Pierre and Miquelon,0,0,0,0,0,0,0,0,0,0,Special Immigrants
Sudan,2,0,2,1,3,3,3,1,1,6,Special Immigrants
Suriname,0,0,0,0,0,0,0,0,0,0,Special Immigrants
Svalbard,,,,0,0,0,0,0,0,0,Special Immigrants
Swaziland,0,0,0,0,0,0,0,0,0,0,Special Immigrants
Sweden,0,5,0,0,1,0,3,0,1,3,Special Immigrants
Switzerland,0,0,1,1,2,3,2,1,1,0,Special Immigrants
Syria,11,5,6,6,3,24,23,15,10,9,Special Immigrants
Tajikistan,0,0,1,0,0,0,2,3,1,4,Special Immigrants
Tanzania,0,1,1,0,0,0,1,0,1,1,Special Immigrants
Thailand,3,3,5,4,7,3,14,10,9,5,Special Immigrants
Timor-Leste,0,0,0,0,0,0,0,0,0,0,Special Immigrants
Togo,1,1,0,1,4,4,0,6,4,2,Special Immigrants
Tokelau,,,,0,0,0,0,0,0,0,Special Immigrants
Tonga,0,1,1,1,0,3,0,1,0,0,Special Immigrants
Trinidad and Tobago,7,7,5,2,7,5,5,8,2,4,Special Immigrants
Tunisia,1,0,0,3,3,7,3,1,1,0,Special Immigrants
Turkey,5,7,1,8,9,12,13,16,22,10,Special Immigrants
Turkmenistan,0,0,0,0,0,0,2,1,0,0,Special Immigrants
Turks and Caicos Islands,0,0,0,0,0,0,0,0,0,0,Special Immigrants
Tuvalu,0,0,0,0,0,0,0,0,0,0,Special Immigrants
Uganda,1,0,0,1,5,0,4,1,3,2,Special Immigrants
Ukraine,3,12,1,7,14,7,22,37,8,20,Special Immigrants
United Arab Emirates,1,6,4,3,23,11,11,8,16,19,Special Immigrants
Uruguay,0,1,0,0,3,4,4,0,1,1,Special Immigrants
Uzbekistan,2,3,5,3,2,6,6,12,14,12,Special Immigrants
Vanuatu,0,0,0,0,0,0,0,0,0,0,Special Immigrants
Vatican City,0,0,0,0,0,0,0,0,0,0,Special Immigrants
Venezuela,6,3,8,3,5,2,11,16,11,12,Special Immigrants
Vietnam,9,11,10,27,18,21,44,32,49,53,Special Immigrants
Wallis and Futuna,0,0,0,0,0,0,0,0,0,0,Special Immigrants
Western Sahara,0,0,0,0,0,0,0,0,0,0,Special Immigrants
Yemen,1,1,3,0,6,8,10,3,9,3,Special Immigrants
Zambia,2,0,0,0,0,0,0,0,0,1,Special Immigrants
Zimbabwe,1,0,0,2,0,1,1,0,1,1,Special Immigrants
Afghanistan,314,343,204,173,197,278,392,307,365,333,Family Preference
Albania,118,159,315,233,261,351,423,669,949,950,Family Preference
Algeria,23,31,34,53,44,69,146,127,138,153,Family Preference
Andorra,0,0,1,0,0,0,0,0,0,0,Family Preference
Angola,25,16,9,14,22,16,16,6,20,22,Family Preference
Anguilla,4,6,3,16,4,10,4,2,3,8,Family Preference
Antigua and Barbuda,144,102,84,91,100,123,91,94,80,97,Family Preference
Argentina,62,58,68,45,116,103,124,135,158,89,Family Preference
Armenia,112,95,158,149,103,206,247,287,279,306,Family Preference
Aruba,2,0,1,2,6,5,7,3,1,7,Family Preference
Australia,40,35,35,41,34,41,50,37,37,46,Family Preference
Austria,9,5,0,8,1,1,8,7,7,15,Family Preference
Azerbaijan,19,46,56,46,62,64,61,76,65,54,Family Preference
Bahamas,42,36,44,47,35,33,37,36,37,63,Family Preference
Bahrain,12,6,12,16,11,5,7,15,22,8,Family Preference
Bangladesh,3609,7990,5922,7161,7884,6474,7579,8176,9667,6922,Family Preference
Barbados,65,117,79,72,67,104,54,88,65,75,Family Preference
Belarus,50,44,83,65,74,87,92,89,94,131,Family Preference
Belgium,9,3,9,12,16,18,14,8,10,13,Family Preference
Belize,166,115,123,131,180,156,113,128,150,120,Family Preference
Benin,2,1,7,5,7,17,33,20,19,27,Family Preference
Bermuda,7,3,4,4,5,14,11,18,8,7,Family Preference
Bhutan,0,0,2,0,0,7,2,0,3,7,Family Preference
Bolivia,245,177,192,217,175,322,231,262,244,225,Family Preference
Bosnia and Herzegovina,11,22,25,17,24,49,35,68,125,132,Family Preference
Botswana,0,0,0,3,0,2,2,1,6,2,Family Preference
Brazil,162,128,201,254,255,358,328,409,426,533,Family Preference
British Indian Ocean Territory,,,,0,0,0,0,0,0,0,Family Preference
British Virgin Islands,11,19,10,9,10,7,11,11,3,5,Family Preference
Brunei,2,2,2,0,0,0,0,2,2,0,Family Preference
Bulgaria,52,57,121,82,75,133,137,132,164,131,Family Preference
Burkina Faso,0,1,13,7,13,19,17,30,35,32,Family Preference
Burma,473,369,500,550,439,458,404,526,584,550,Family Preference
Burundi,3,0,4,0,3,7,5,9,7,12,Family Preference
Cambodia,404,332,419,397,338,385,408,360,541,682,Family Preference
Cameroon,80,37,93,176,165,273,304,427,458,475,Family Preference
Canada,634,461,484,480,493,503,378,484,424,321,Family Preference
Cape Verde,860,858,756,787,735,888,543,697,1086,1320,Family Preference
Cayman Islands,2,4,3,8,10,7,8,5,6,10,Family Preference
Central African Republic,0,0,0,2,3,7,3,2,3,7,Family Preference
Chad,0,0,0,0,12,2,3,1,6,0,Family Preference
Chile,83,65,101,47,58,74,79,88,67,71,Family Preference
China - mainland born,14635,10873,14161,16989,17599,13146,14273,14564,15535,14954,Family Preference
China - Taiwan born,2346,1673,1674,1117,1141,700,718,620,828,659,Family Preference
Christmas Island,0,0,0,0,0,0,0,0,0,0,Family Preference
Cocos Islands,0,0,0,0,0,0,0,0,0,0,Family Preference
Colombia,2592,2014,2840,3036,2679,3733,3158,3091,2933,3096,Family Preference
Comoros,0,0,0,0,0,2,0,0,1,0,Family Preference
"Congo, Dem. Rep. of the",14,0,21,62,104,88,166,177,186,283,Family Preference
"Congo, Republic of the",3,27,0,6,8,6,7,15,4,8,Family Preference
Cook Islands,0,0,0,0,0,0,0,0,0,0,Family Preference
Costa Rica,79,52,87,87,68,130,98,121,112,111,Family Preference
Cote d'Ivoire,50,38,26,57,96,131,106,102,111,191,Family Preference
Croatia,13,11,17,9,5,13,15,9,22,30,Family Preference
Cuba,2592,777,476,610,1419,2297,3593,2262,4176,4791,Family Preference
Curacao,,,,3,6,6,0,4,4,3,Family Preference
Cyprus,9,3,4,4,6,3,4,3,5,4,Family Preference
Czech Republic,15,14,3,10,13,23,19,12,8,10,Family Preference
Denmark,4,6,13,4,7,14,11,4,13,5,Family Preference
Djibouti,3,2,0,0,1,2,3,2,7,0,Family Preference
Dominica,252,236,271,247,149,269,185,118,189,166,Family Preference
Dominican Republic,8649,23478,30482,21395,19811,21196,24990,27856,28335,28667,Family Preference
Ecuador,2532,2551,3201,2798,2240,3736,3482,3108,2767,2977,Family Preference
Egypt,717,593,786,765,724,889,931,826,1016,1091,Family Preference
El Salvador,5180,4969,6200,6355,4867,6978,6741,6494,5935,7046,Family Preference
Equatorial Guinea,0,0,0,0,0,0,0,1,0,0,Family Preference
Eritrea,40,59,58,95,98,144,146,151,180,265,Family Preference
Estonia,2,8,9,7,3,15,2,7,13,6,Family Preference
Ethiopia,570,510,811,1134,1156,1410,1292,1547,2030,2174,Family Preference
Falkland Islands,0,0,0,0,0,0,0,0,0,0,Family Preference
Faroe Islands,,,,0,0,0,0,0,0,0,Family Preference
Fiji,248,255,435,245,260,193,248,338,271,248,Family Preference
Finland,1,1,4,1,8,3,2,4,9,5,Family Preference
France,92,25,69,113,113,105,114,79,136,85,Family Preference
French Guiana,2,6,1,0,,,,,,,Family Preference
French Polynesia,0,0,0,0,1,0,0,0,0,1,Family Preference
French Southern and Antarctic Lands,0,0,0,0,0,0,0,0,0,0,Family Preference
Gabon,0,0,2,4,3,3,9,2,5,13,Family Preference
"Gambia, The",26,17,47,60,49,72,100,77,105,135,Family Preference
Georgia,3,16,29,36,37,73,99,105,138,133,Family Preference
Germany,164,136,149,119,138,115,136,121,137,141,Family Preference
Ghana,632,279,574,793,836,1279,779,903,1222,1625,Family Preference
Gibraltar,0,0,2,0,0,1,0,0,2,0,Family Preference
Great Britain and Northern Ireland,593,362,472,503,427,454,448,430,481,386,Family Preference
Greece,33,26,27,47,17,50,35,59,53,61,Family Preference
Greenland,0,0,0,0,0,0,0,0,0,0,Family Preference
Grenada,116,93,152,103,111,152,73,113,70,81,Family Preference
Guadeloupe,8,5,2,0,,,,,,,Family Preference
Guatemala,1975,1940,2197,2811,2477,2691,2327,2293,2239,2319,Family Preference
Guinea,9,8,29,74,121,79,83,104,105,120,Family Preference
Guinea-Bissau,1,0,2,3,1,2,3,0,4,7,Family Preference
Guyana,3539,2677,3631,3069,2803,3475,3579,3405,3357,2992,Family Preference
Haiti,9004,6641,8639,7384,8382,9665,6612,7430,8427,8905,Family Preference
Honduras,1332,1044,1372,1249,1552,2320,1377,1834,1966,1658,Family Preference
Hong Kong S.A.R.,1760,1023,1253,859,913,746,749,715,903,813,Family Preference
Hungary,18,18,42,14,38,29,23,17,20,36,Family Preference
Iceland,1,2,1,0,1,0,0,1,1,4,Family Preference
India,14162,12443,15399,11437,11818,12305,14016,16108,15655,14839,Family Preference
Indonesia,117,177,308,165,250,196,125,134,154,171,Family Preference
Iran,2767,2276,2881,2293,2619,2041,2410,2095,2407,2062,Family Preference
Iraq,742,467,318,251,288,245,233,220,272,330,Family Preference
Ireland,10,6,6,8,24,11,9,11,36,24,Family Preference
Israel,98,95,126,78,137,127,137,112,105,102,Family Preference
Italy,75,66,69,62,94,86,89,93,124,129,Family Preference
Jamaica,5014,4251,4964,5409,5735,5767,5371,5711,5324,5941,Family Preference
Japan,90,62,82,68,66,87,66,78,95,107,Family Preference
Jordan,1414,1162,1138,1205,1332,1305,1643,1205,1611,1740,Family Preference
Kazakhstan,19,23,59,41,29,46,47,35,61,75,Family Preference
Kenya,172,126,207,228,232,348,394,354,359,529,Family Preference
Kiribati,0,0,0,0,0,0,2,0,0,0,Family Preference
"Korea, North",4,1,3,0,1,2,0,2,1,1,Family Preference
"Korea, South",1230,1059,1638,1181,920,905,770,727,804,935,Family Preference
Kosovo,1,27,37,51,70,114,121,117,112,154,Family Preference
Kuwait,262,225,185,183,192,147,204,160,182,183,Family Preference
Kyrgyzstan,11,0,26,20,11,19,39,38,38,48,Family Preference
Laos,90,79,111,56,70,70,48,72,112,97,Family Preference
Latvia,1,4,17,7,19,24,19,23,33,13,Family Preference
Lebanon,1194,896,907,810,808,786,987,742,791,796,Family Preference
Lesotho,0,0,0,2,0,0,1,0,1,0,Family Preference
Liberia,130,152,166,329,351,346,362,321,293,569,Family Preference
Libya,21,10,22,12,21,12,11,22,30,18,Family Preference
Liechtenstein,0,0,0,0,0,0,0,0,0,0,Family Preference
Lithuania,18,30,60,33,38,59,40,36,54,29,Family Preference
Luxembourg,0,2,3,1,0,1,1,0,0,0,Family Preference
Macau,134,50,74,44,48,41,25,21,19,22,Family Preference
Macedonia,144,130,145,174,159,116,140,142,203,187,Family Preference
Madagascar,6,5,3,4,1,1,0,9,6,3,Family Preference
Malawi,5,2,5,9,3,8,3,8,10,1,Family Preference
Malaysia,103,77,114,160,150,138,158,117,193,161,Family Preference
Maldives,0,0,0,0,0,0,0,1,0,0,Family Preference
Mali,6,2,18,26,37,34,33,23,23,38,Family Preference
Malta,0,0,2,0,2,5,0,0,0,0,Family Preference
Marshall Islands,0,0,0,0,0,0,0,0,0,0,Family Preference
Martinique,0,6,0,0,,,,,,,Family Preference
Mauritania,5,1,7,21,36,24,13,27,12,17,Family Preference
Mauritius,0,10,11,1,0,8,7,7,9,9,Family Preference
Mayotte,,,,0,0,0,,,,,Family Preference
Mexico,26854,32351,22005,32881,32026,26555,24833,31359,25192,27627,Family Preference
"Micronesia, Federated States of",0,0,0,0,0,0,0,0,0,0,Family Preference
Moldova,16,28,42,57,50,68,97,101,123,73,Family Preference
Monaco,0,0,0,0,0,1,1,0,1,0,Family Preference
Mongolia,3,0,6,14,10,18,23,34,23,28,Family Preference
Montenegro,34,51,45,38,27,50,46,51,82,73,Family Preference
Montserrat,13,9,1,4,0,9,10,5,4,1,Family Preference
Morocco,198,224,293,302,292,303,418,335,359,313,Family Preference
Mozambique,10,1,3,3,6,2,1,3,2,3,Family Preference
Namibia,0,0,1,0,0,0,1,0,0,2,Family Preference
Nauru,0,0,0,0,0,0,0,1,0,0,Family Preference
Nepal,72,166,331,304,253,488,652,628,922,994,Family Preference
Netherlands,23,24,25,17,9,18,19,13,20,13,Family Preference
Netherlands Antilles,10,19,11,3,,,,,,,Family Preference
New Caledonia,0,0,0,0,0,0,0,0,0,0,Family Preference
New Zealand,34,12,30,26,10,20,19,4,16,10,Family Preference
Nicaragua,801,730,931,770,640,756,673,821,678,726,Family Preference
Niger,0,6,2,3,10,12,12,3,9,10,Family Preference
Nigeria,1304,1144,1451,1196,1712,1959,1498,1864,2456,2235,Family Preference
Niue,0,0,0,0,0,0,0,0,0,0,Family Preference
Norfolk Island,,,,0,0,0,0,0,0,0,Family Preference
Northern Ireland (DV only),-,0,0,0,0,0,0,0,0,0,Family Preference
Norway,10,5,7,8,6,3,5,9,12,1,Family Preference
Oman,0,1,3,3,6,9,4,7,14,6,Family Preference
Pakistan,7595,8459,5651,4872,4745,3989,8132,7154,7114,6148,Family Preference
Palau,0,2,0,0,0,1,2,2,0,0,Family Preference
Panama,215,166,169,179,178,163,177,148,143,128,Family Preference
Papua New Guinea,2,0,0,2,1,1,0,0,1,0,Family Preference
Paraguay,19,7,12,32,13,47,20,21,34,29,Family Preference
Peru,2270,1915,2658,2308,2096,2700,2162,2587,2593,2505,Family Preference
Philippines,12783,14686,19636,17280,16118,15842,16304,15524,13516,13478,Family Preference
Pitcairn,0,0,0,0,0,0,0,0,0,0,Family Preference
Poland,1463,1135,1329,863,856,874,663,814,810,701,Family Preference
Portugal,46,39,47,50,47,53,48,39,57,60,Family Preference
Qatar,14,4,20,14,3,22,12,24,26,26,Family Preference
Reunion,0,0,0,0,,,,,,,Family Preference
Romania,196,241,300,204,237,276,180,239,253,245,Family Preference
Russia,205,194,366,350,330,456,414,422,487,444,Family Preference
Rwanda,3,0,1,3,7,15,17,10,16,34,Family Preference
Saint Kitts and Nevis,145,105,142,151,136,116,98,79,62,89,Family Preference
Saint Lucia,110,144,130,133,149,194,181,176,90,150,Family Preference
Saint Martin,,,,0,2,1,0,1,2,0,Family Preference
Saint Vincent and the Grenadines,115,95,100,91,60,94,86,64,71,60,Family Preference
Samoa,5,5,4,3,3,0,9,2,2,8,Family Preference
San Marino,0,0,0,0,0,0,0,0,0,0,Family Preference
Sao Tome and Principe,0,3,1,0,2,2,1,2,2,2,Family Preference
Saudi Arabia,121,136,147,109,116,115,168,146,225,218,Family Preference
Senegal,49,55,70,115,143,146,134,127,106,171,Family Preference
Serbia,46,43,72,56,46,68,58,97,93,113,Family Preference
Seychelles,5,0,0,4,0,1,0,0,5,0,Family Preference
Sierra Leone,66,68,94,145,172,146,129,113,119,265,Family Preference
Singapore,49,35,51,31,36,53,41,30,39,57,Family Preference
Sint Maarten,,,,8,10,13,10,15,9,4,Family Preference
Slovakia,12,10,11,15,24,18,15,5,19,10,Family Preference
Slovenia,2,0,1,3,0,0,3,0,4,0,Family Preference
Solomon Islands,4,0,0,0,0,0,0,0,0,0,Family Preference
Somalia,54,28,44,46,108,123,166,133,178,269,Family Preference
South Africa,61,56,69,78,59,62,65,81,84,93,Family Preference
South Georgia and the South Sandwich Islands,,,,0,0,0,0,0,0,0,Family Preference
South Sudan,,,,0,0,1,1,3,2,17,Family Preference
Spain,20,15,40,53,70,65,59,68,98,65,Family Preference
Sri Lanka,171,122,170,208,153,150,237,251,242,228,Family Preference
St. Barthelemy,,,,0,0,0,0,0,0,0,Family Preference
St. Helena,1,0,0,0,0,0,0,0,0,0,Family Preference
St. Pierre and Miquelon,0,0,0,0,0,0,0,0,0,0,Family Preference
Sudan,42,36,39,81,78,92,132,88,121,99,Family Preference
Suriname,43,40,43,43,37,31,55,27,41,42,Family Preference
Svalbard,,,,0,0,0,0,0,0,0,Family Preference
Swaziland,1,0,0,0,3,0,1,0,0,1,Family Preference
Sweden,28,24,28,19,22,20,24,19,22,18,Family Preference
Switzerland,12,5,13,7,11,7,5,5,6,8,Family Preference
Syria,620,666,802,716,921,974,960,844,1157,1177,Family Preference
Tajikistan,5,6,18,8,15,25,25,20,23,26,Family Preference
Tanzania,104,48,95,58,43,34,38,44,79,65,Family Preference
Thailand,242,210,336,290,287,308,248,245,274,261,Family Preference
Timor-Leste,0,0,0,0,0,0,0,0,0,0,Family Preference
Togo,42,70,95,91,111,108,148,174,182,157,Family Preference
Tokelau,,,,0,0,0,0,0,0,0,Family Preference
Tonga,98,49,59,63,24,83,92,80,44,64,Family Preference
Trinidad and Tobago,773,707,737,702,765,822,550,589,533,608,Family Preference
Tunisia,20,13,15,16,9,6,30,11,16,17,Family Preference
Turkey,95,126,159,146,111,140,136,185,177,172,Family Preference
Turkmenistan,3,2,7,10,4,10,13,6,9,21,Family Preference
Turks and Caicos Islands,2,6,4,11,2,8,4,3,2,2,Family Preference
Tuvalu,0,0,0,0,0,0,0,0,0,0,Family Preference
Uganda,101,61,60,58,73,94,99,95,103,112,Family Preference
Ukraine,290,238,450,489,436,648,777,804,948,983,Family Preference
United Arab Emirates,129,123,114,99,164,146,167,195,201,190,Family Preference
Uruguay,12,15,12,20,21,27,10,24,25,39,Family Preference
Uzbekistan,47,45,101,114,169,233,402,404,546,598,Family Preference
Vanuatu,1,0,0,0,0,0,0,4,1,0,Family Preference
Vatican City,0,0,0,0,0,0,0,0,0,0,Family Preference
Venezuela,226,220,393,434,474,440,466,619,558,560,Family Preference
Vietnam,15714,12435,20412,17464,15454,14527,18044,18310,20269,17991,Family Preference
Wallis and Futuna,0,0,0,0,0,0,0,0,0,0,Family Preference
Western Sahara,0,0,0,0,0,0,0,0,0,0,Family Preference
Yemen,220,434,448,795,783,559,684,617,4116,1550,Family Preference
Zambia,19,12,17,21,21,27,28,25,15,21,Family Preference
Zimbabwe,23,10,29,35,27,35,51,51,61,45,Family Preference
Afghanistan,12,18,27,22,13,48,57,8,31,15,Employment Preference
Albania,9,24,40,33,7,25,38,26,13,28,Employment Preference
Algeria,4,8,1,8,5,9,4,0,9,21,Employment Preference
Andorra,0,0,0,0,0,0,0,0,0,0,Employment Preference
Angola,3,1,1,0,0,0,4,0,2,1,Employment Preference
Anguilla,0,0,0,0,0,0,0,0,0,0,Employment Preference
Antigua and Barbuda,0,0,1,1,1,0,0,0,4,5,Employment Preference
Argentina,43,40,41,55,24,28,47,37,77,60,Employment Preference
Armenia,15,21,34,30,20,13,31,29,3,65,Employment Preference
Aruba,0,0,0,0,0,0,0,0,0,0,Employment Preference
Australia,33,26,42,22,42,37,38,40,50,50,Employment Preference
Austria,9,4,8,15,1,8,6,12,7,7,Employment Preference
Azerbaijan,4,1,5,16,1,13,14,0,5,10,Employment Preference
Bahamas,2,0,1,3,4,2,10,12,19,28,Employment Preference
Bahrain,2,4,0,1,6,1,1,2,9,5,Employment Preference
Bangladesh,200,215,212,100,101,93,90,65,74,69,Employment Preference
Barbados,6,1,3,4,1,1,4,7,3,4,Employment Preference
Belarus,14,11,15,15,7,6,3,6,35,19,Employment Preference
Belgium,15,14,14,8,21,19,7,20,11,11,Employment Preference
Belize,7,0,1,0,0,5,7,11,11,2,Employment Preference
Benin,15,3,2,3,1,0,0,6,6,5,Employment Preference
Bermuda,1,2,0,2,1,0,9,4,2,0,Employment Preference
Bhutan,0,0,3,1,0,0,0,1,5,0,Employment Preference
Bolivia,198,178,66,75,63,114,80,44,29,11,Employment Preference
Bosnia and Herzegovina,6,0,5,6,5,3,7,10,4,6,Employment Preference
Botswana,0,0,2,1,0,0,0,0,0,1,Employment Preference
Brazil,158,192,155,111,95,112,112,94,163,296,Employment Preference
British Indian Ocean Territory,,,,0,0,0,0,0,0,0,Employment Preference
British Virgin Islands,0,0,0,0,0,1,0,0,0,1,Employment Preference
Brunei,0,0,1,0,2,1,1,1,1,1,Employment Preference
Bulgaria,13,20,36,22,4,23,17,10,17,23,Employment Preference
Burkina Faso,13,0,16,16,1,4,4,6,2,25,Employment Preference
Burma,13,20,21,21,36,16,2,2,19,12,Employment Preference
Burundi,0,0,2,0,0,0,5,0,0,0,Employment Preference
Cambodia,8,12,20,17,12,21,29,31,33,120,Employment Preference
Cameroon,12,33,7,8,6,5,8,2,11,4,Employment Preference
Canada,406,365,366,287,314,254,265,211,237,247,Employment Preference
Cape Verde,5,17,12,0,7,2,1,2,1,3,Employment Preference
Cayman Islands,0,0,0,0,0,0,0,0,0,2,Employment Preference
Central African Republic,0,0,1,5,0,0,4,0,2,0,Employment Preference
Chad,0,2,0,1,0,0,0,5,1,0,Employment Preference
Chile,13,8,13,9,10,15,3,13,10,21,Employment Preference
China - mainland born,1251,2338,2994,4076,7460,8006,10034,9005,8673,8039,Employment Preference
China - Taiwan born,159,284,175,201,220,206,190,214,286,311,Employment Preference
Christmas Island,0,0,0,0,0,0,0,0,0,0,Employment Preference
Cocos Islands,0,0,0,0,0,0,0,0,0,0,Employment Preference
Colombia,117,132,107,60,133,107,96,76,91,82,Employment Preference
Comoros,0,0,0,0,0,0,0,0,0,0,Employment Preference
"Congo, Dem. Rep. of the",5,0,5,6,6,1,7,0,2,21,Employment Preference
"Congo, Republic of the",3,13,7,0,0,0,0,0,0,0,Employment Preference
Cook Islands,0,0,0,0,0,0,0,0,0,0,Employment Preference
Costa Rica,14,11,16,10,5,6,10,7,19,7,Employment Preference
Cote d'Ivoire,11,3,2,6,21,6,1,5,5,0,Employment Preference
Croatia,2,5,8,2,5,1,5,1,4,8,Employment Preference
Cuba,0,0,0,0,0,4,3,6,1,4,Employment Preference
Curacao,,,,0,0,1,0,0,0,0,Employment Preference
Cyprus,2,5,2,0,1,2,0,1,4,5,Employment Preference
Czech Republic,15,10,10,3,7,9,14,2,6,9,Employment Preference
Denmark,23,18,9,13,2,11,14,11,14,6,Employment Preference
Djibouti,0,0,7,1,0,2,2,1,12,7,Employment Preference
Dominica,6,0,2,1,6,5,0,1,3,5,Employment Preference
Dominican Republic,21,35,28,22,35,40,51,39,86,57,Employment Preference
Ecuador,371,218,308,294,185,195,156,94,85,37,Employment Preference
Egypt,105,105,190,111,132,136,185,127,163,187,Employment Preference
El Salvador,345,223,200,133,100,117,133,66,74,49,Employment Preference
Equatorial Guinea,0,0,0,0,0,0,0,0,0,0,Employment Preference
Eritrea,16,36,26,17,26,20,16,18,35,25,Employment Preference
Estonia,2,2,0,1,0,1,0,1,0,1,Employment Preference
Ethiopia,53,30,67,73,25,104,59,22,52,84,Employment Preference
Falkland Islands,0,0,0,0,0,0,0,0,0,0,Employment Preference
Faroe Islands,,,,0,0,0,0,0,0,0,Employment Preference
Fiji,6,2,0,8,2,5,6,3,1,1,Employment Preference
Finland,10,5,5,1,3,8,6,6,4,11,Employment Preference
France,93,55,73,73,48,59,55,63,77,115,Employment Preference
French Guiana,0,0,0,0,,,,,,,Employment Preference
French Polynesia,0,0,0,2,0,0,0,0,0,0,Employment Preference
French Southern and Antarctic Lands,0,0,0,0,0,0,0,0,0,0,Employment Preference
Gabon,0,0,0,0,0,0,0,1,1,3,Employment Preference
"Gambia, The",8,16,12,15,24,5,3,12,1,4,Employment Preference
Georgia,11,24,21,7,6,15,9,8,10,14,Employment Preference
Germany,118,116,108,83,77,104,75,65,86,90,Employment Preference
Ghana,67,33,32,39,69,74,67,27,31,21,Employment Preference
Gibraltar,0,0,0,0,0,0,0,0,0,0,Employment Preference
Great Britain and Northern Ireland,413,503,323,345,292,311,316,434,369,325,Employment Preference
Greece,11,7,10,8,8,14,18,14,15,24,Employment Preference
Greenland,0,0,0,0,0,0,0,0,0,0,Employment Preference
Grenada,1,0,0,0,0,2,1,0,5,10,Employment Preference
Guadeloupe,0,0,0,0,,,,,,,Employment Preference
Guatemala,138,107,110,101,65,59,38,9,10,13,Employment Preference
Guinea,4,8,0,11,11,4,3,4,8,5,Employment Preference
Guinea-Bissau,0,1,2,0,0,4,2,1,0,0,Employment Preference
Guyana,15,4,11,14,5,10,10,5,12,5,Employment Preference
Haiti,16,19,20,14,5,11,8,16,105,161,Employment Preference
Honduras,123,72,129,84,65,98,57,51,58,12,Employment Preference
Hong Kong S.A.R.,46,24,18,30,42,50,39,58,83,84,Employment Preference
Hungary,16,16,15,25,12,23,8,13,20,20,Employment Preference
Iceland,6,1,6,0,6,8,2,0,1,1,Employment Preference
India,937,644,904,650,616,667,745,682,676,756,Employment Preference
Indonesia,27,33,27,23,13,18,16,28,37,15,Employment Preference
Iran,240,294,272,411,359,332,409,337,294,434,Employment Preference
Iraq,9,23,19,25,22,32,14,5,14,15,Employment Preference
Ireland,15,27,13,12,20,25,20,23,9,14,Employment Preference
Israel,86,82,64,73,45,33,41,41,79,63,Employment Preference
Italy,58,58,49,33,35,44,39,60,74,80,Employment Preference
Jamaica,117,82,85,66,77,127,203,246,485,760,Employment Preference
Japan,350,369,234,243,246,252,206,130,116,154,Employment Preference
Jordan,30,47,39,36,60,42,51,64,71,72,Employment Preference
Kazakhstan,6,8,12,14,4,15,24,10,21,23,Employment Preference
Kenya,37,38,44,40,40,85,49,98,95,166,Employment Preference
Kiribati,0,0,0,0,0,0,0,0,0,0,Employment Preference
"Korea, North",3,3,0,0,0,0,0,0,4,0,Employment Preference
"Korea, South",1341,1593,953,2153,1973,2037,1609,1536,2953,2298,Employment Preference
Kosovo,0,0,0,12,2,6,2,2,9,0,Employment Preference
Kuwait,6,11,8,9,16,8,22,21,25,32,Employment Preference
Kyrgyzstan,0,1,3,0,1,3,1,6,6,6,Employment Preference
Laos,4,5,4,1,7,1,2,9,0,17,Employment Preference
Latvia,0,2,1,1,4,1,5,1,1,4,Employment Preference
Lebanon,96,67,72,75,76,81,90,97,80,94,Employment Preference
Lesotho,0,0,0,0,0,0,0,0,0,0,Employment Preference
Liberia,9,12,9,14,18,6,5,19,4,28,Employment Preference
Libya,1,2,0,1,0,1,3,3,5,7,Employment Preference
Liechtenstein,0,0,0,0,0,0,0,0,0,0,Employment Preference
Lithuania,4,8,5,4,2,11,1,2,6,5,Employment Preference
Luxembourg,1,0,0,0,0,0,0,0,1,0,Employment Preference
Macau,0,0,2,0,3,0,3,1,10,8,Employment Preference
Macedonia,8,7,8,11,5,12,18,19,3,5,Employment Preference
Madagascar,15,0,3,5,7,13,4,4,8,7,Employment Preference
Malawi,2,0,3,3,2,1,3,1,0,0,Employment Preference
Malaysia,53,52,31,28,24,36,20,48,21,50,Employment Preference
Maldives,1,0,0,0,0,0,0,0,0,0,Employment Preference
Mali,21,5,25,21,16,4,0,1,3,1,Employment Preference
Malta,0,4,0,0,0,1,1,3,1,0,Employment Preference
Marshall Islands,0,0,0,0,0,0,0,0,0,0,Employment Preference
Martinique,1,0,0,0,,,,,,,Employment Preference
Mauritania,0,1,14,0,4,0,5,0,1,0,Employment Preference
Mauritius,0,4,0,1,0,0,2,0,0,1,Employment Preference
Mayotte,,,,0,0,0,,,,,Employment Preference
Mexico,245,375,276,414,318,498,339,266,241,278,Employment Preference
"Micronesia, Federated States of",0,0,0,0,0,0,0,0,0,0,Employment Preference
Moldova,7,5,10,9,0,2,6,2,2,18,Employment Preference
Monaco,0,0,0,0,0,0,0,0,0,1,Employment Preference
Mongolia,6,7,9,14,6,14,26,10,3,11,Employment Preference
Montenegro,0,0,4,0,1,1,3,0,0,4,Employment Preference
Montserrat,0,0,0,0,0,0,0,0,0,0,Employment Preference
Morocco,46,70,22,17,24,5,36,26,24,14,Employment Preference
Mozambique,0,0,0,0,0,0,0,2,0,0,Employment Preference
Namibia,1,0,0,3,0,0,1,1,1,0,Employment Preference
Nauru,0,0,0,0,0,0,0,0,0,0,Employment Preference
Nepal,146,84,199,160,141,91,90,124,132,170,Employment Preference
Netherlands,25,17,21,22,21,25,17,18,17,13,Employment Preference
Netherlands Antilles,0,0,2,1,,,,,,,Employment Preference
New Caledonia,0,0,0,0,0,4,0,0,0,0,Employment Preference
New Zealand,13,12,22,15,22,20,18,12,19,17,Employment Preference
Nicaragua,14,3,12,4,4,6,6,1,5,12,Employment Preference
Niger,3,8,6,9,2,1,4,7,2,17,Employment Preference
Nigeria,181,68,105,123,135,146,155,167,246,201,Employment Preference
Niue,0,0,0,0,0,0,0,0,0,0,Employment Preference
Norfolk Island,,,,0,0,0,0,0,0,0,Employment Preference
Northern Ireland (DV only),-,0,0,0,0,0,0,0,0,0,Employment Preference
Norway,6,2,9,11,4,17,3,2,3,2,Employment Preference
Oman,0,0,1,0,0,0,0,0,0,2,Employment Preference
Pakistan,598,515,463,332,178,265,400,378,343,342,Employment Preference
Palau,0,0,0,0,0,1,0,2,0,0,Employment Preference
Panama,4,5,3,11,5,4,2,11,4,5,Employment Preference
Papua New Guinea,0,0,0,0,0,0,0,0,0,0,Employment Preference
Paraguay,6,1,3,4,3,7,3,10,0,0,Employment Preference
Peru,171,134,108,124,166,103,50,58,39,62,Employment Preference
Philippines,2608,2134,1093,1856,3393,4114,2662,3981,5664,4278,Employment Preference
Pitcairn,0,0,0,0,0,0,0,0,0,0,Employment Preference
Poland,133,122,115,65,50,62,56,50,43,49,Employment Preference
Portugal,10,18,14,27,14,16,24,17,24,8,Employment Preference
Qatar,1,6,1,0,0,1,1,2,2,8,Employment Preference
Reunion,0,0,0,0,,,,,,,Employment Preference
Romania,54,50,35,36,37,39,28,39,7,25,Employment Preference
Russia,81,134,136,137,98,128,164,182,144,230,Employment Preference
Rwanda,2,0,1,0,0,0,0,12,8,12,Employment Preference
Saint Kitts and Nevis,3,0,0,0,0,1,0,4,2,0,Employment Preference
Saint Lucia,5,4,4,1,2,0,2,6,9,17,Employment Preference
Saint Martin,,,,0,0,0,0,0,0,0,Employment Preference
Saint Vincent and the Grenadines,5,0,3,1,0,2,1,6,10,1,Employment Preference
Samoa,1,1,0,0,0,0,0,0,0,0,Employment Preference
San Marino,0,0,0,0,0,0,0,0,0,0,Employment Preference
Sao Tome and Principe,0,0,0,0,0,0,0,1,0,0,Employment Preference
Saudi Arabia,9,14,8,12,16,17,31,39,45,42,Employment Preference
Senegal,28,30,32,46,17,15,24,30,14,12,Employment Preference
Serbia,11,4,10,17,11,9,12,2,3,15,Employment Preference
Seychelles,0,0,0,0,0,0,0,0,0,0,Employment Preference
Sierra Leone,9,8,33,25,14,6,34,27,5,5,Employment Preference
Singapore,12,8,14,14,10,14,21,21,42,20,Employment Preference
Sint Maarten,,,,0,0,0,0,0,0,0,Employment Preference
Slovakia,19,12,1,3,9,12,8,7,9,6,Employment Preference
Slovenia,3,0,0,0,0,1,0,2,4,4,Employment Preference
Solomon Islands,0,0,0,0,0,0,0,0,0,0,Employment Preference
Somalia,8,0,6,3,1,10,1,0,3,0,Employment Preference
South Africa,24,78,84,53,71,74,80,79,86,110,Employment Preference
South Georgia and the South Sandwich Islands,,,,0,0,0,0,0,0,0,Employment Preference
South Sudan,,,,0,0,0,0,0,0,0,Employment Preference
Spain,19,35,15,14,19,33,21,28,32,40,Employment Preference
Sri Lanka,91,57,43,65,57,40,18,27,17,33,Employment Preference
St. Barthelemy,,,,0,0,0,0,0,0,0,Employment Preference
St. Helena,0,0,0,0,0,0,0,0,0,0,Employment Preference
St. Pierre and Miquelon,0,0,0,0,0,0,0,0,0,0,Employment Preference
Sudan,3,0,10,11,5,15,10,18,12,9,Employment Preference
Suriname,2,0,1,0,3,3,0,0,0,0,Employment Preference
Svalbard,,,,0,0,0,0,0,0,0,Employment Preference
Swaziland,0,2,0,0,0,0,0,0,0,1,Employment Preference
Sweden,19,21,22,12,18,14,30,12,33,14,Employment Preference
Switzerland,16,14,15,15,21,6,9,9,3,7,Employment Preference
Syria,66,63,47,85,79,75,66,47,47,91,Employment Preference
Tajikistan,2,1,14,21,4,19,23,36,12,5,Employment Preference
Tanzania,3,9,9,5,13,16,8,3,7,24,Employment Preference
Thailand,65,47,47,44,56,31,34,43,20,44,Employment Preference
Timor-Leste,0,0,0,0,0,0,0,0,0,0,Employment Preference
Togo,19,5,5,6,6,3,2,2,1,4,Employment Preference
Tokelau,,,,0,0,0,0,0,0,0,Employment Preference
Tonga,0,0,0,0,0,0,0,0,6,0,Employment Preference
Trinidad and Tobago,34,24,32,27,26,20,7,33,20,37,Employment Preference
Tunisia,5,4,2,5,3,7,5,18,12,13,Employment Preference
Turkey,100,198,120,124,89,95,96,113,103,137,Employment Preference
Turkmenistan,0,4,4,3,0,1,3,8,1,0,Employment Preference
Turks and Caicos Islands,0,0,0,0,0,1,0,0,0,2,Employment Preference
Tuvalu,0,0,0,0,0,0,0,0,0,0,Employment Preference
Uganda,18,3,8,3,6,26,47,64,56,41,Employment Preference
Ukraine,47,47,55,42,56,60,55,60,53,70,Employment Preference
United Arab Emirates,7,18,9,10,30,40,35,44,86,87,Employment Preference
Uruguay,2,11,14,4,7,7,7,4,7,7,Employment Preference
Uzbekistan,12,15,19,17,10,9,17,22,12,16,Employment Preference
Vanuatu,0,0,0,0,0,0,0,0,0,0,Employment Preference
Vatican City,0,0,0,0,0,0,0,0,0,0,Employment Preference
Venezuela,43,79,109,104,154,162,129,165,156,259,Employment Preference
Vietnam,31,24,74,105,52,68,149,523,563,665,Employment Preference
Wallis and Futuna,0,0,0,0,0,0,0,0,0,0,Employment Preference
Western Sahara,0,0,0,0,0,0,0,0,0,0,Employment Preference
Yemen,19,15,12,10,16,31,35,4,30,18,Employment Preference
Zambia,2,3,2,15,3,2,8,8,22,2,Employment Preference
Zimbabwe,9,15,13,10,14,12,23,17,10,21,Employment Preference
Afghanistan,32,46,60,25,43,59,95,28,192,144,Diversity Immigrants
Albania,2049,2021,1632,954,524,987,1567,1908,1502,2430,Diversity Immigrants
Algeria,821,797,795,846,341,1055,971,1086,1271,992,Diversity Immigrants
Andorra,0,0,0,0,0,0,0,2,0,0,Diversity Immigrants
Angola,4,12,4,14,7,6,8,7,37,12,Diversity Immigrants
Anguilla,0,0,0,0,0,0,0,0,0,0,Diversity Immigrants
Antigua and Barbuda,0,1,6,1,0,6,6,4,0,1,Diversity Immigrants
Argentina,40,53,61,37,29,21,58,42,22,30,Diversity Immigrants
Armenia,813,936,980,990,627,893,1268,1544,992,1559,Diversity Immigrants
Aruba,6,4,0,1,1,0,0,0,0,0,Diversity Immigrants
Australia,205,173,238,239,246,355,328,400,246,337,Diversity Immigrants
Austria,25,43,51,60,31,37,23,47,8,34,Diversity Immigrants
Azerbaijan,160,215,197,220,141,178,182,282,195,433,Diversity Immigrants
Bahamas,5,0,13,2,3,13,2,7,5,3,Diversity Immigrants
Bahrain,0,4,0,2,10,4,2,2,2,1,Diversity Immigrants
Bangladesh,2268,2657,3015,3074,293,0,0,0,0,0,Diversity Immigrants
Barbados,2,2,10,5,3,0,4,6,0,2,Diversity Immigrants
Belarus,753,772,716,665,279,841,832,859,560,792,Diversity Immigrants
Belgium,31,38,38,15,40,33,22,29,11,36,Diversity Immigrants
Belize,7,5,2,8,0,9,0,0,0,3,Diversity Immigrants
Benin,176,192,220,213,82,223,180,190,280,236,Diversity Immigrants
Bermuda,0,0,0,0,0,0,0,0,0,0,Diversity Immigrants
Bhutan,7,5,0,4,4,8,7,1,7,7,Diversity Immigrants
Bolivia,79,50,72,28,27,30,21,21,23,10,Diversity Immigrants
Bosnia and Herzegovina,27,57,35,28,37,30,32,75,48,83,Diversity Immigrants
Botswana,7,0,9,3,0,1,2,3,1,2,Diversity Immigrants
Brazil,0,0,0,0,0,0,0,0,0,0,Diversity Immigrants
British Indian Ocean Territory,,,,0,0,0,0,0,0,0,Diversity Immigrants
British Virgin Islands,0,0,0,0,0,0,0,0,0,0,Diversity Immigrants
Brunei,1,0,0,0,0,0,0,0,0,0,Diversity Immigrants
Bulgaria,1051,728,547,624,434,950,998,820,608,535,Diversity Immigrants
Burkina Faso,111,90,103,105,100,220,116,120,131,134,Diversity Immigrants
Burma,111,368,281,250,189,262,199,88,138,145,Diversity Immigrants
Burundi,9,21,40,25,11,28,37,47,64,75,Diversity Immigrants
Cambodia,92,119,132,167,188,399,333,152,266,196,Diversity Immigrants
Cameroon,1164,1496,1556,1666,813,1588,1285,1450,1615,1206,Diversity Immigrants
Canada,0,0,0,0,0,0,0,0,0,0,Diversity Immigrants
Cape Verde,0,8,0,10,0,7,2,12,0,2,Diversity Immigrants
Cayman Islands,0,0,0,0,0,0,0,0,0,0,Diversity Immigrants
Central African Republic,0,2,11,2,0,3,1,3,8,2,Diversity Immigrants
Chad,6,10,6,16,3,10,9,15,17,10,Diversity Immigrants
Chile,10,23,11,11,4,8,17,8,1,13,Diversity Immigrants
China - mainland born,0,0,0,0,0,0,0,0,0,0,Diversity Immigrants
China - Taiwan born,242,213,196,191,132,133,179,86,152,148,Diversity Immigrants
Christmas Island,0,0,0,0,0,0,0,0,0,0,Diversity Immigrants
Cocos Islands,0,0,0,0,0,0,0,0,0,0,Diversity Immigrants
Colombia,0,0,0,0,0,0,0,0,0,0,Diversity Immigrants
Comoros,1,2,3,1,0,1,0,0,0,1,Diversity Immigrants
"Congo, Dem. Rep. of the",502,20,915,1516,1219,2231,2435,2631,2770,2664,Diversity Immigrants
"Congo, Republic of the",43,596,33,44,11,47,54,48,50,42,Diversity Immigrants
Cook Islands,0,0,0,0,0,0,0,0,0,0,Diversity Immigrants
Costa Rica,3,1,17,11,1,18,25,6,10,12,Diversity Immigrants
Cote d'Ivoire,191,206,222,290,152,319,371,375,508,440,Diversity Immigrants
Croatia,15,33,25,17,29,18,40,29,21,21,Diversity Immigrants
Cuba,256,190,140,230,70,193,301,473,536,383,Diversity Immigrants
Curacao,,,,1,2,4,0,0,0,0,Diversity Immigrants
Cyprus,5,8,6,2,2,2,7,7,8,8,Diversity Immigrants
Czech Republic,73,33,37,27,17,24,36,36,27,19,Diversity Immigrants
Denmark,17,5,23,12,13,18,14,16,8,20,Diversity Immigrants
Djibouti,15,11,9,18,8,18,13,18,33,32,Diversity Immigrants
Dominica,2,18,15,5,8,11,6,0,4,3,Diversity Immigrants
Dominican Republic,0,0,0,0,0,0,0,0,0,0,Diversity Immigrants
Ecuador,89,0,0,0,0,0,0,0,0,0,Diversity Immigrants
Egypt,3279,3638,3231,3242,2004,3362,3483,3434,2848,3576,Diversity Immigrants
El Salvador,0,0,0,0,0,0,0,0,0,0,Diversity Immigrants
Equatorial Guinea,1,0,2,0,0,0,0,0,0,0,Diversity Immigrants
Eritrea,301,382,367,381,142,242,172,185,149,81,Diversity Immigrants
Estonia,18,10,10,19,8,20,17,21,10,12,Diversity Immigrants
Ethiopia,3542,3675,3752,3529,1416,2389,2539,2457,2138,2553,Diversity Immigrants
Falkland Islands,0,0,0,0,0,0,0,0,0,0,Diversity Immigrants
Faroe Islands,,,,0,0,0,0,0,0,0,Diversity Immigrants
Fiji,309,290,232,166,167,249,217,185,129,212,Diversity Immigrants
Finland,8,22,32,34,30,25,16,26,20,23,Diversity Immigrants
France,262,194,237,223,142,157,279,273,165,219,Diversity Immigrants
French Guiana,0,0,0,0,,,,,,,Diversity Immigrants
French Polynesia,0,0,0,0,1,1,0,0,0,0,Diversity Immigrants
French Southern and Antarctic Lands,0,0,0,0,0,0,0,0,0,0,Diversity Immigrants
Gabon,14,3,5,6,8,6,17,11,8,11,Diversity Immigrants
"Gambia, The",6,25,14,13,10,11,6,12,6,14,Diversity Immigrants
Georgia,270,354,438,453,293,408,341,503,360,547,Diversity Immigrants
Germany,752,854,882,804,546,541,463,486,265,263,Diversity Immigrants
Ghana,1822,1864,2606,2438,1677,1876,1454,523,428,796,Diversity Immigrants
Gibraltar,0,0,0,0,0,0,0,0,0,0,Diversity Immigrants
Great Britain and Northern Ireland,0,0,0,0,0,0,0,0,0,0,Diversity Immigrants
Greece,75,72,41,39,28,49,74,88,50,90,Diversity Immigrants
Greenland,0,0,0,0,0,0,0,0,0,0,Diversity Immigrants
Grenada,0,0,2,2,6,1,5,2,1,6,Diversity Immigrants
Guadeloupe,2,0,0,0,,,,,,,Diversity Immigrants
Guatemala,16,0,0,0,0,0,44,20,9,13,Diversity Immigrants
Guinea,107,86,268,185,113,257,264,259,293,204,Diversity Immigrants
Guinea-Bissau,0,0,0,1,0,4,0,1,0,1,Diversity Immigrants
Guyana,4,17,26,23,7,14,6,13,3,2,Diversity Immigrants
Haiti,0,0,0,0,0,0,0,0,0,0,Diversity Immigrants
Honduras,14,8,19,26,20,20,36,31,24,26,Diversity Immigrants
Hong Kong S.A.R.,44,23,16,20,8,35,34,30,51,16,Diversity Immigrants
Hungary,74,119,61,118,73,106,99,110,75,70,Diversity Immigrants
Iceland,4,9,30,11,11,13,10,11,0,9,Diversity Immigrants
India,0,0,0,0,0,0,0,0,0,0,Diversity Immigrants
Indonesia,128,101,103,66,85,55,64,33,39,37,Diversity Immigrants
Iran,827,1103,1842,1980,2385,3741,2326,2627,2722,2070,Diversity Immigrants
Iraq,86,48,37,57,36,65,48,23,146,145,Diversity Immigrants
Ireland,44,37,54,76,66,48,35,43,29,23,Diversity Immigrants
Israel,38,38,25,28,33,49,38,11,31,32,Diversity Immigrants
Italy,103,136,135,144,169,133,245,240,159,209,Diversity Immigrants
Jamaica,0,0,0,0,0,0,0,0,0,0,Diversity Immigrants
Japan,259,194,169,145,168,230,228,109,163,110,Diversity Immigrants
Jordan,24,90,70,84,55,122,173,62,163,93,Diversity Immigrants
Kazakhstan,166,185,189,224,229,309,311,448,236,446,Diversity Immigrants
Kenya,2123,2301,2367,1856,711,1224,1196,888,1092,1006,Diversity Immigrants
Kiribati,2,2,0,0,2,0,0,0,3,0,Diversity Immigrants
"Korea, North",0,0,0,0,0,0,0,0,0,0,Diversity Immigrants
"Korea, South",0,0,0,0,0,0,0,0,0,0,Diversity Immigrants
Kosovo,2,50,89,80,71,126,93,145,164,316,Diversity Immigrants
Kuwait,22,9,29,21,27,66,55,24,56,45,Diversity Immigrants
Kyrgyzstan,129,120,129,142,173,183,229,271,130,220,Diversity Immigrants
Laos,0,1,3,0,0,0,0,0,0,0,Diversity Immigrants
Latvia,16,39,35,68,22,54,52,30,31,22,Diversity Immigrants
Lebanon,75,81,43,52,93,84,54,52,71,40,Diversity Immigrants
Lesotho,0,0,1,0,4,0,3,0,0,0,Diversity Immigrants
Liberia,567,814,841,996,783,1230,1752,1740,1550,994,Diversity Immigrants
Libya,20,55,52,31,32,61,26,36,99,90,Diversity Immigrants
Liechtenstein,0,0,0,1,0,0,0,0,0,0,Diversity Immigrants
Lithuania,114,95,119,161,125,139,149,162,90,94,Diversity Immigrants
Luxembourg,3,0,0,1,2,2,0,0,0,2,Diversity Immigrants
Macau,10,1,7,1,3,4,3,15,7,1,Diversity Immigrants
Macedonia,213,203,148,175,68,144,177,258,206,233,Diversity Immigrants
Madagascar,11,27,15,12,2,13,17,9,29,2,Diversity Immigrants
Malawi,16,10,14,10,1,15,6,9,0,8,Diversity Immigrants
Malaysia,35,27,37,39,24,15,35,13,41,25,Diversity Immigrants
Maldives,0,0,0,0,0,0,0,0,0,0,Diversity Immigrants
Mali,22,39,32,18,17,27,18,22,39,15,Diversity Immigrants
Malta,0,0,4,0,0,0,0,0,0,0,Diversity Immigrants
Marshall Islands,0,0,0,0,0,0,0,0,0,0,Diversity Immigrants
Martinique,3,1,0,0,,,,,,,Diversity Immigrants
Mauritania,3,8,2,11,3,7,0,6,6,12,Diversity Immigrants
Mauritius,18,19,20,24,5,4,6,11,7,2,Diversity Immigrants
Mayotte,,,,0,0,0,,,,,Diversity Immigrants
Mexico,0,0,0,0,0,0,0,0,0,0,Diversity Immigrants
"Micronesia, Federated States of",0,0,0,0,0,0,0,0,0,0,Diversity Immigrants
Moldova,270,264,370,563,674,889,1203,1561,1187,1359,Diversity Immigrants
Monaco,1,0,0,0,0,0,4,0,0,0,Diversity Immigrants
Mongolia,195,119,103,203,86,111,78,53,155,90,Diversity Immigrants
Montenegro,8,3,10,2,5,11,10,6,6,13,Diversity Immigrants
Montserrat,0,0,0,0,0,0,0,0,0,0,Diversity Immigrants
Morocco,2115,1991,1763,982,368,889,853,904,1110,1077,Diversity Immigrants
Mozambique,0,1,3,0,2,0,5,1,0,3,Diversity Immigrants
Namibia,0,10,0,3,2,7,0,6,3,5,Diversity Immigrants
Nauru,0,0,0,6,0,0,0,0,0,0,Diversity Immigrants
Nepal,2040,1592,1902,1970,1896,3316,3437,3332,3210,3451,Diversity Immigrants
Netherlands,62,86,60,41,41,30,62,43,30,28,Diversity Immigrants
Netherlands Antilles,0,12,0,0,,,,,,,Diversity Immigrants
New Caledonia,0,0,0,0,0,0,1,0,0,0,Diversity Immigrants
New Zealand,103,66,70,81,70,109,114,124,52,121,Diversity Immigrants
Nicaragua,14,19,16,22,7,28,2,4,4,3,Diversity Immigrants
Niger,39,17,19,19,2,18,13,14,13,6,Diversity Immigrants
Nigeria,3393,3240,2809,2787,1850,3252,2442,0,0,0,Diversity Immigrants
Niue,0,0,0,0,0,0,0,0,0,0,Diversity Immigrants
Norfolk Island,,,,0,0,0,0,5,0,0,Diversity Immigrants
Northern Ireland (DV only),1,13,10,15,13,11,16,15,6,4,Diversity Immigrants
Norway,9,10,12,11,4,15,0,1,3,8,Diversity Immigrants
Oman,5,1,2,0,2,1,2,1,4,6,Diversity Immigrants
Pakistan,0,0,0,0,0,0,0,0,0,0,Diversity Immigrants
Palau,0,0,0,0,0,0,0,0,0,0,Diversity Immigrants
Panama,5,6,15,5,7,4,6,5,1,0,Diversity Immigrants
Papua New Guinea,2,12,7,1,0,7,1,1,0,1,Diversity Immigrants
Paraguay,3,1,16,4,5,4,1,2,2,2,Diversity Immigrants
Peru,0,0,0,0,0,0,0,0,0,0,Diversity Immigrants
Philippines,0,0,0,0,0,0,0,0,0,0,Diversity Immigrants
Pitcairn,0,0,0,0,0,0,0,0,0,0,Diversity Immigrants
Poland,0,0,0,0,0,752,455,368,305,282,Diversity Immigrants
Portugal,10,11,8,9,12,15,21,20,9,13,Diversity Immigrants
Qatar,1,0,0,0,3,14,14,14,14,9,Diversity Immigrants
Reunion,0,1,0,0,,,,,,,Diversity Immigrants
Romania,815,310,320,433,555,407,486,502,325,304,Diversity Immigrants
Russia,0,0,1004,1443,1014,1601,1837,1949,1327,1731,Diversity Immigrants
Rwanda,43,31,64,63,41,155,138,198,240,158,Diversity Immigrants
Saint Kitts and Nevis,0,2,1,0,2,4,0,1,0,0,Diversity Immigrants
Saint Lucia,2,4,5,6,1,8,11,4,0,10,Diversity Immigrants
Saint Martin,,,,0,0,0,0,0,0,0,Diversity Immigrants
Saint Vincent and the Grenadines,0,1,5,2,1,9,5,3,0,0,Diversity Immigrants
Samoa,9,2,5,3,2,0,0,0,0,0,Diversity Immigrants
San Marino,0,0,0,0,0,0,0,0,0,0,Diversity Immigrants
Sao Tome and Principe,0,0,0,0,0,0,0,0,0,0,Diversity Immigrants
Saudi Arabia,21,34,27,39,52,81,104,88,123,103,Diversity Immigrants
Senegal,94,158,123,126,48,88,108,98,136,98,Diversity Immigrants
Serbia,323,196,152,149,114,159,197,210,210,306,Diversity Immigrants
Seychelles,0,3,0,0,1,0,0,0,0,0,Diversity Immigrants
Sierra Leone,430,543,307,315,283,719,447,354,381,340,Diversity Immigrants
Singapore,18,12,8,11,9,5,23,1,10,9,Diversity Immigrants
Sint Maarten,,,,0,0,0,0,1,0,0,Diversity Immigrants
Slovakia,62,41,38,33,14,25,32,41,25,28,Diversity Immigrants
Slovenia,4,6,4,2,2,4,0,4,4,9,Diversity Immigrants
Solomon Islands,0,0,0,0,0,0,0,0,0,0,Diversity Immigrants
Somalia,40,70,71,52,28,78,46,59,104,56,Diversity Immigrants
South Africa,210,277,278,266,211,285,211,178,162,209,Diversity Immigrants
South Georgia and the South Sandwich Islands,,,,0,0,0,0,0,0,0,Diversity Immigrants
South Sudan,,,,0,0,0,0,1,10,6,Diversity Immigrants
Spain,47,65,73,72,57,80,158,160,65,84,Diversity Immigrants
Sri Lanka,445,530,419,317,192,287,278,191,302,154,Diversity Immigrants
St. Barthelemy,,,,0,0,0,0,0,0,0,Diversity Immigrants
St. Helena,0,0,0,0,0,0,0,0,0,0,Diversity Immigrants
St. Pierre and Miquelon,0,0,0,0,0,0,0,0,0,0,Diversity Immigrants
Sudan,495,585,553,565,304,435,959,1176,1830,1171,Diversity Immigrants
Suriname,2,1,0,0,1,3,4,2,2,0,Diversity Immigrants
Svalbard,,,,0,0,0,0,0,0,0,Diversity Immigrants
Swaziland,0,1,0,1,0,0,0,0,4,0,Diversity Immigrants
Sweden,47,43,43,28,51,52,30,40,46,51,Diversity Immigrants
Switzerland,63,88,66,63,43,37,58,50,22,32,Diversity Immigrants
Syria,38,53,32,63,72,87,135,127,154,124,Diversity Immigrants
Tajikistan,66,73,110,169,141,200,239,333,231,413,Diversity Immigrants
Tanzania,63,128,56,66,51,45,28,56,28,43,Diversity Immigrants
Thailand,37,43,23,28,17,21,16,18,26,17,Diversity Immigrants
Timor-Leste,0,1,0,0,0,0,0,0,0,0,Diversity Immigrants
Togo,464,476,505,524,279,511,564,545,685,504,Diversity Immigrants
Tokelau,,,,0,0,0,0,0,0,0,Diversity Immigrants
Tonga,26,27,20,9,1,11,1,15,1,24,Diversity Immigrants
Trinidad and Tobago,46,69,91,43,37,43,57,46,20,14,Diversity Immigrants
Tunisia,37,47,62,40,22,40,37,37,97,60,Diversity Immigrants
Turkey,902,931,973,863,792,619,988,1164,737,1303,Diversity Immigrants
Turkmenistan,77,56,63,81,65,64,103,91,71,92,Diversity Immigrants
Turks and Caicos Islands,0,0,0,0,0,0,0,0,0,0,Diversity Immigrants
Tuvalu,0,0,0,0,0,0,0,0,0,0,Diversity Immigrants
Uganda,141,165,143,200,104,198,167,164,158,91,Diversity Immigrants
Ukraine,1880,1685,1772,1637,1421,1800,1759,1278,1762,2016,Diversity Immigrants
United Arab Emirates,3,11,4,19,38,36,36,40,27,31,Diversity Immigrants
Uruguay,6,7,5,1,3,1,9,5,8,7,Diversity Immigrants
Uzbekistan,2243,2365,3324,3579,3205,3371,3019,2520,2366,3195,Diversity Immigrants
Vanuatu,0,0,0,0,0,0,0,0,1,0,Diversity Immigrants
Vatican City,0,0,0,0,0,0,0,0,0,0,Diversity Immigrants
Venezuela,121,227,339,406,410,503,749,672,639,1177,Diversity Immigrants
Vietnam,0,0,0,0,0,0,0,0,0,0,Diversity Immigrants
Wallis and Futuna,0,0,0,0,0,0,0,0,0,0,Diversity Immigrants
Western Sahara,0,0,0,0,0,0,0,0,0,0,Diversity Immigrants
Yemen,22,49,33,40,64,194,200,171,396,264,Diversity Immigrants
Zambia,55,28,38,43,13,34,12,30,18,15,Diversity Immigrants
Zimbabwe,44,79,53,72,37,60,24,43,79,43,Diversity Immigrants